PUBID_1997,Best Attended,Best Admitted,Attended control,New Collegegoer Flag,Old Collegegoer Flag,BestAtt5,BestAd5,BestAtt3,BestAd3,COLLEGEID_YEAR2,CHOICE_YEAR,BestAtt5b,BestAd5b
10,2,2,2,1,1,2,2,1,1,2003,2002,2,2
13,-3,5,-3,0,-3,-3,4,-3,3,-3,2004,-3,5
15,5,5,3,1,1,4,4,3,3,2002,2002,5,5
34,-3,4,-3,0,-3,-3,4,-3,2,-3,2002,-3,4
35,4,2,1,1,1,4,2,2,1,2003,2002,4,2
40,6,3,1,1,1,6,3,3,2,2004,2004,5,3
41,2,2,1,1,1,2,2,1,1,2002,2001,2,2
42,3,3,1,1,1,3,3,2,2,2003,2002,3,3
48,4,4,1,1,1,4,4,2,2,2002,2001,4,4
60,7,4,2,1,1,7,4,7,2,2005,2004,7,4
63,4,4,2,1,1,4,4,2,2,2003,2002,4,4
65,-3,1,-3,0,-3,-3,1,-3,1,-3,2003,-3,1
74,1,1,2,1,1,1,1,1,1,2003,2002,1,1
77,6,6,2,1,1,6,6,3,3,2003,2002,5,5
87,3,3,2,1,1,3,3,2,2,2003,2002,3,3
105,4,4,2,1,1,4,4,2,2,2001,2001,4,4
108,3,1,1,1,1,3,1,2,1,2003,2002,3,1
110,6,3,1,1,1,6,3,3,2,2004,2002,5,3
112,4,3,2,1,1,4,3,2,2,2003,2002,4,3
113,6,6,1,1,1,6,6,3,3,2003,2002,5,5
116,-3,4,-3,0,-3,-3,4,-3,2,-3,2003,-3,4
117,-3,4,-3,0,-3,-3,4,-3,2,-3,2003,-3,4
125,2,2,2,1,1,2,2,1,1,2005,2004,2,2
132,2,2,1,1,1,2,2,1,1,2005,2005,2,2
134,3,3,1,1,1,3,3,2,2,2003,2002,3,3
136,2,2,1,1,1,2,2,1,1,2004,2004,2,2
138,4,2,2,1,1,4,2,2,1,2004,2003,4,2
146,-3,5,-3,0,-3,-3,4,-3,3,-3,2002,-3,5
147,3,3,1,1,1,3,3,2,2,2003,2002,3,3
149,-3,5,-3,0,-3,-3,4,-3,3,-3,2001,-3,5
150,-3,4,-3,0,-3,-3,4,-3,2,-3,2002,-3,4
158,3,1,2,1,1,3,1,2,1,2003,2002,3,1
171,3,3,1,1,1,3,3,2,2,2003,2002,3,3
180,5,2,1,1,1,4,2,3,1,2004,2002,5,2
182,2,1,2,1,1,2,1,1,1,2003,2002,2,1
187,4,4,1,1,1,4,4,2,2,2002,2001,4,4
201,2,1,1,1,1,2,1,1,1,2002,2001,2,1
203,4,4,1,1,1,4,4,2,2,2004,2003,4,4
208,4,2,1,1,1,4,2,2,1,2003,2002,4,2
228,-3,3,-3,0,-3,-3,3,-3,2,-3,2001,-3,3
229,4,1,2,1,1,4,1,2,1,2003,2002,4,1
230,4,2,2,1,1,4,2,2,1,2003,2002,4,2
237,3,3,1,1,1,3,3,2,2,2003,2002,3,3
240,1,1,2,1,1,1,1,1,1,2002,2001,1,1
241,4,2,2,1,1,4,2,2,1,2002,2001,4,2
242,5,4,1,1,1,4,4,3,2,2003,2002,5,4
244,4,4,1,1,1,4,4,2,2,2003,2001,4,4
245,4,2,1,1,1,4,2,2,1,2003,2002,4,2
248,2,1,2,1,1,2,1,1,1,2002,2001,2,1
252,3,3,2,1,1,3,3,2,2,2004,2002,3,3
280,3,2,2,1,1,3,2,2,1,2002,2001,3,2
286,4,2,1,1,1,4,2,2,1,2003,2002,4,2
288,-3,7,-3,0,-3,-3,7,-3,7,-3,2002,-3,7
293,4,3,2,1,1,4,3,2,2,2002,2001,4,3
298,2,2,1,1,1,2,2,1,1,2002,2001,2,2
300,5,4,2,1,1,4,4,3,2,2003,2002,5,4
314,2,2,1,1,1,2,2,1,1,2003,2002,2,2
325,4,4,1,1,1,4,4,2,2,2003,2002,4,4
327,2,2,2,1,1,2,2,1,1,2002,2001,2,2
329,2,2,2,1,1,2,2,1,1,2003,2002,2,2
334,3,2,2,1,1,3,2,2,1,2003,2002,3,2
337,2,2,2,1,1,2,2,1,1,2002,2001,2,2
341,4,4,1,1,1,4,4,2,2,2003,2002,4,4
344,-3,4,-3,0,-3,-3,4,-3,2,-3,2002,-3,4
360,-3,4,-3,0,-3,-3,4,-3,2,-3,2002,-3,4
378,-3,1,-3,0,-3,-3,1,-3,1,-3,2002,-3,1
393,-3,3,-3,0,-3,-3,3,-3,2,-3,2003,-3,3
394,4,4,1,1,1,4,4,2,2,2005,2003,4,4
396,-3,1,-3,0,1,-3,1,-3,1,2003,2002,-3,1
406,2,1,2,1,1,2,1,1,1,2003,2001,2,1
423,-3,5,-3,0,-3,-3,4,-3,3,-3,2002,-3,5
424,4,4,1,1,1,4,4,2,2,2003,2002,4,4
430,-3,3,-3,0,1,-3,3,-3,2,2001,2001,-3,3
431,4,4,1,1,1,4,4,2,2,2003,2002,4,4
456,3,3,2,1,1,3,3,2,2,2002,2001,3,3
459,-3,1,-3,0,1,-3,1,-3,1,2004,2002,-3,1
472,-3,1,-3,0,1,-3,1,-3,1,2002,2001,-3,1
478,4,4,1,1,1,4,4,2,2,2002,2001,4,4
487,-3,3,-3,0,-3,-3,3,-3,2,-3,2002,-3,3
492,1,1,1,1,1,1,1,1,1,2004,2002,1,1
496,4,4,1,1,1,4,4,2,2,2004,2002,4,4
507,-3,4,-3,0,1,-3,4,-3,2,2004,2002,-3,4
509,-3,2,-3,0,-3,-3,2,-3,1,-3,2002,-3,2
533,4,4,1,1,1,4,4,2,2,2002,2001,4,4
542,4,4,1,1,1,4,4,2,2,2003,2002,4,4
547,4,4,1,1,1,4,4,2,2,2003,2002,4,4
550,2,1,1,1,1,2,1,1,1,2003,2002,2,1
555,2,2,1,1,1,2,2,1,1,2003,2002,2,2
559,-3,4,-3,0,1,-3,4,-3,2,2003,2002,-3,4
561,5,5,1,1,1,4,4,3,3,2003,2002,5,5
585,5,5,1,1,1,4,4,3,3,2002,2001,5,5
612,4,3,1,1,1,4,3,2,2,2003,2002,4,3
616,1,1,2,1,1,1,1,1,1,2004,2002,1,1
629,-3,6,-3,0,-3,-3,6,-3,3,-3,2002,-3,5
632,-3,3,-3,0,1,-3,3,-3,2,2003,2001,-3,3
633,3,3,1,1,1,3,3,2,2,2002,2001,3,3
638,3,2,1,1,1,3,2,2,1,2003,2002,3,2
647,-3,4,-3,0,-3,-3,4,-3,2,-3,2002,-3,4
650,4,4,1,1,1,4,4,2,2,2004,2002,4,4
664,-3,5,-3,0,-3,-3,4,-3,3,-3,2001,-3,5
668,2,2,2,1,1,2,2,1,1,2003,2002,2,2
669,4,4,1,1,1,4,4,2,2,2002,2001,4,4
674,5,5,2,1,1,4,4,3,3,2002,2001,5,5
676,4,2,2,1,1,4,2,2,1,2004,2003,4,2
681,-3,7,-3,0,-3,-3,7,-3,7,-3,2002,-3,7
683,4,4,2,1,1,4,4,2,2,2002,2001,4,4
685,6,6,3,1,1,6,6,3,3,2004,2002,5,5
715,4,2,1,1,1,4,2,2,1,2003,2002,4,2
722,4,4,1,1,1,4,4,2,2,2002,2000,4,4
727,2,2,1,1,1,2,2,1,1,2003,2002,2,2
728,-3,4,-3,0,-3,-3,4,-3,2,-3,2002,-3,4
736,3,2,1,1,1,3,2,2,1,2004,2004,3,2
740,1,1,2,1,1,1,1,1,1,2004,2003,1,1
748,6,3,1,1,1,6,3,3,2,2002,2001,5,3
749,4,4,2,1,1,4,4,2,2,2002,2001,4,4
756,4,4,2,1,1,4,4,2,2,2004,2003,4,4
759,4,4,2,1,1,4,4,2,2,2002,2001,4,4
768,-3,4,-3,0,-3,-3,4,-3,2,-3,2002,-3,4
772,2,2,2,1,1,2,2,1,1,2002,2001,2,2
777,4,4,1,1,1,4,4,2,2,2003,2001,4,4
778,6,6,1,1,1,6,6,3,3,2003,2001,5,5
780,-3,4,-3,0,-3,-3,4,-3,2,-3,2006,-3,4
783,-3,3,-3,0,1,-3,3,-3,2,2004,2002,-3,3
785,4,4,1,1,1,4,4,2,2,2004,2003,4,4
796,4,3,2,1,1,4,3,2,2,2002,2001,4,3
798,4,4,2,1,1,4,4,2,2,2003,2002,4,4
801,4,4,1,1,1,4,4,2,2,2004,2002,4,4
823,-3,3,-3,0,-3,-3,3,-3,2,-3,2003,-3,3
827,6,3,1,1,1,6,3,3,2,2001,2001,5,3
828,5,4,1,1,1,4,4,3,2,2002,2001,5,4
831,4,3,2,1,1,4,3,2,2,2005,2003,4,3
832,3,3,1,1,1,3,3,2,2,2002,2001,3,3
840,3,3,1,1,1,3,3,2,2,2003,2002,3,3
842,4,3,1,1,1,4,3,2,2,2002,2001,4,3
844,4,4,1,1,1,4,4,2,2,2003,2002,4,4
861,-3,5,-3,0,1,-3,4,-3,3,2004,2002,-3,5
865,3,1,2,1,1,3,1,2,1,2003,2002,3,1
878,1,1,1,1,1,1,1,1,1,2003,2002,1,1
897,-3,3,-3,0,-3,-3,3,-3,2,-3,2003,-3,3
901,-3,3,-3,0,-3,-3,3,-3,2,-3,2002,-3,3
911,-3,4,-3,0,1,-3,4,-3,2,2002,2001,-3,4
914,4,4,1,1,1,4,4,2,2,2006,2005,4,4
916,-3,1,-3,0,1,-3,1,-3,1,2002,2001,-3,1
917,-3,3,-3,0,1,-3,3,-3,2,2004,2003,-3,3
919,2,2,2,1,1,2,2,1,1,2003,2002,2,2
921,-3,4,-3,0,-3,-3,4,-3,2,-3,2001,-3,4
928,-3,2,-3,0,-3,-3,2,-3,1,-3,2000,-3,2
929,1,1,1,1,1,1,1,1,1,2002,2001,1,1
931,4,4,1,1,1,4,4,2,2,2003,2002,4,4
932,1,1,1,1,1,1,1,1,1,2003,2002,1,1
934,1,1,1,1,1,1,1,1,1,2003,2002,1,1
935,1,1,1,1,1,1,1,1,1,2002,2001,1,1
936,-3,4,-3,0,1,-3,4,-3,2,2003,2002,-3,4
943,3,2,1,1,1,3,2,2,1,2004,2003,3,2
948,-3,4,-3,0,1,-3,4,-3,2,2004,2002,-3,4
950,-3,3,-3,0,1,-3,3,-3,2,2003,2002,-3,3
952,2,2,2,1,1,2,2,1,1,2004,2003,2,2
955,3,2,1,1,1,3,2,2,1,2003,2002,3,2
956,3,1,1,1,1,3,1,2,1,2003,2001,3,1
959,-3,4,-3,0,1,-3,4,-3,2,2002,2002,-3,4
961,3,2,2,1,1,3,2,2,1,2003,2002,3,2
963,3,3,1,1,1,3,3,2,2,2003,2002,3,3
965,3,3,1,1,1,3,3,2,2,2003,2002,3,3
969,4,4,1,1,1,4,4,2,2,2007,2005,4,4
970,3,3,1,1,1,3,3,2,2,2003,2002,3,3
971,3,1,2,1,1,3,1,2,1,2003,2002,3,1
983,3,1,1,1,1,3,1,2,1,2003,2002,3,1
989,4,4,2,1,1,4,4,2,2,2003,2001,4,4
1007,3,1,1,1,1,3,1,2,1,2003,2002,3,1
1013,4,3,1,1,1,4,3,2,2,2001,2001,4,3
1019,4,1,1,1,1,4,1,2,1,2002,2001,4,1
1021,3,2,1,1,1,3,2,2,1,2003,2002,3,2
1023,4,4,1,1,1,4,4,2,2,2003,2002,4,4
1059,4,3,1,1,1,4,3,2,2,2003,2002,4,3
1060,4,1,1,1,1,4,1,2,1,2003,2002,4,1
1061,-3,4,-3,0,-3,-3,4,-3,2,-3,2001,-3,4
1066,-3,4,-3,0,-3,-3,4,-3,2,-3,2002,-3,4
1074,1,1,1,1,1,1,1,1,1,2002,2001,1,1
1075,4,4,1,1,1,4,4,2,2,2001,2000,4,4
1077,2,2,1,1,1,2,2,1,1,2003,2002,2,2
1078,6,6,2,1,1,6,6,3,3,2003,2002,5,5
1081,1,1,2,1,1,1,1,1,1,2003,2002,1,1
1086,3,2,2,1,1,3,2,2,1,2002,2001,3,2
1108,1,1,2,1,1,1,1,1,1,2002,2001,1,1
1109,3,3,1,1,1,3,3,2,2,2003,2002,3,3
1116,3,2,1,1,1,3,2,2,1,2002,2001,3,2
1117,-3,4,-3,0,1,-3,4,-3,2,2004,2003,-3,4
1119,-3,1,-3,0,1,-3,1,-3,1,2001,2002,-3,1
1121,3,2,2,1,1,3,2,2,1,2003,2002,3,2
1135,2,2,2,1,1,2,2,1,1,2003,2002,2,2
1140,1,1,2,1,1,1,1,1,1,2003,2002,1,1
1146,3,2,2,1,1,3,2,2,1,2004,2003,3,2
1149,3,2,2,1,1,3,2,2,1,2002,2001,3,2
1151,4,2,1,1,1,4,2,2,1,2004,2003,4,2
1154,4,4,1,1,1,4,4,2,2,2002,2001,4,4
1163,4,4,1,1,1,4,4,2,2,2002,2001,4,4
1165,4,4,1,1,1,4,4,2,2,2003,2002,4,4
1169,-3,3,-3,0,1,-3,3,-3,2,2004,2002,-3,3
1171,4,1,1,1,1,4,1,2,1,2003,2002,4,1
1173,4,4,1,1,1,4,4,2,2,2002,2001,4,4
1174,4,4,2,1,1,4,4,2,2,2002,2001,4,4
1176,5,5,2,1,1,4,4,3,3,2003,2003,5,5
1185,-3,4,-3,0,-3,-3,4,-3,2,-3,2001,-3,4
1187,4,4,1,1,1,4,4,2,2,2002,2001,4,4
1188,4,4,1,1,1,4,4,2,2,2002,2001,4,4
1194,4,3,1,1,1,4,3,2,2,2003,2002,4,3
1227,3,3,2,1,1,3,3,2,2,2003,2002,3,3
1232,3,3,1,1,1,3,3,2,2,2002,2001,3,3
1233,3,3,1,1,1,3,3,2,2,2003,2002,3,3
1234,4,4,1,1,1,4,4,2,2,2003,2002,4,4
1235,3,2,1,1,1,3,2,2,1,2002,2001,3,2
1237,4,3,1,1,1,4,3,2,2,2003,2002,4,3
1239,4,4,1,1,1,4,4,2,2,2002,2001,4,4
1243,2,1,2,1,1,2,1,1,1,2004,2003,2,1
1248,3,3,2,1,1,3,3,2,2,2003,2002,3,3
1253,4,3,1,1,1,4,3,2,2,2003,2002,4,3
1281,3,3,1,1,1,3,3,2,2,2003,2002,3,3
1286,2,1,2,1,1,2,1,1,1,2002,2001,2,1
1288,4,2,1,1,1,4,2,2,1,2002,2001,4,2
1294,-3,4,-3,0,-3,-3,4,-3,2,-3,2002,-3,4
1296,4,2,1,1,1,4,2,2,1,2002,2001,4,2
1300,4,4,1,1,1,4,4,2,2,2003,2002,4,4
1301,4,4,1,1,1,4,4,2,2,2004,2003,4,4
1303,4,4,1,1,1,4,4,2,2,2006,2006,4,4
1307,4,4,1,1,1,4,4,2,2,2003,2002,4,4
1308,2,2,1,1,1,2,2,1,1,2002,2001,2,2
1313,2,2,1,1,1,2,2,1,1,2002,2001,2,2
1316,-3,4,-3,0,-3,-3,4,-3,2,-3,2005,-3,4
1331,3,2,1,1,1,3,2,2,1,2002,2001,3,2
1336,2,2,1,1,1,2,2,1,1,2003,2002,2,2
1341,3,3,1,1,1,3,3,2,2,2002,2001,3,3
1347,-3,2,-3,0,1,-3,2,-3,1,2003,2001,-3,2
1358,-3,5,-3,0,-3,-3,4,-3,3,-3,2002,-3,5
1367,4,4,1,1,1,4,4,2,2,2003,2002,4,4
1370,3,3,2,1,1,3,3,2,2,2003,2002,3,3
1373,5,2,1,1,1,4,2,3,1,2002,2001,5,2
1377,-3,5,-3,0,-3,-3,4,-3,3,-3,2002,-3,5
1402,2,2,2,1,1,2,2,1,1,2002,2001,2,2
1406,2,1,1,1,1,2,1,1,1,2003,2002,2,1
1407,-3,4,-3,0,-3,-3,4,-3,2,-3,2002,-3,4
1421,3,1,1,1,1,3,1,2,1,2002,2001,3,1
1423,5,5,1,1,1,4,4,3,3,2002,2001,5,5
1433,4,4,2,1,1,4,4,2,2,2003,2002,4,4
1446,2,2,1,1,1,2,2,1,1,2003,2002,2,2
1447,2,2,1,1,1,2,2,1,1,2003,2001,2,2
1452,-3,2,-3,0,-3,-3,2,-3,1,-3,2001,-3,2
1455,1,1,1,1,1,1,1,1,1,2003,2002,1,1
1457,2,2,1,1,1,2,2,1,1,2002,2001,2,2
1459,3,3,2,1,1,3,3,2,2,2004,2003,3,3
1460,1,1,1,1,1,1,1,1,1,2003,2002,1,1
1462,2,2,1,1,1,2,2,1,1,2003,2002,2,2
1464,3,2,1,1,1,3,2,2,1,2003,2002,3,2
1473,4,2,1,1,1,4,2,2,1,2002,2001,4,2
1475,-3,2,-3,0,-3,-3,2,-3,1,-3,2001,-3,2
1478,5,3,1,1,1,4,3,3,2,2003,2001,5,3
1483,3,2,1,1,1,3,2,2,1,2003,2002,3,2
1485,4,4,1,1,1,4,4,2,2,2002,2001,4,4
1486,4,1,1,1,1,4,1,2,1,2003,2002,4,1
1493,4,4,1,1,1,4,4,2,2,2002,2001,4,4
1498,3,3,1,1,1,3,3,2,2,2004,2002,3,3
1504,-3,4,-3,0,-3,-3,4,-3,2,-3,2001,-3,4
1506,3,3,1,1,1,3,3,2,2,2003,2002,3,3
1513,-3,3,-3,0,-3,-3,3,-3,2,-3,2002,-3,3
1517,4,4,1,1,1,4,4,2,2,2002,2001,4,4
1518,3,3,1,1,1,3,3,2,2,2002,2002,3,3
1519,1,1,1,1,1,1,1,1,1,2003,2002,1,1
1523,-3,3,-3,0,-3,-3,3,-3,2,-3,2006,-3,3
1531,4,3,2,1,1,4,3,2,2,2002,2001,4,3
1541,-3,1,-3,0,-3,-3,1,-3,1,-3,2003,-3,1
1542,-3,6,-3,0,-3,-3,6,-3,3,-3,2002,-3,5
1544,3,3,2,1,1,3,3,2,2,2003,2002,3,3
1546,6,6,1,1,1,6,6,3,3,2003,2002,5,5
1549,2,2,1,1,1,2,2,1,1,2004,2003,2,2
1554,6,4,1,1,1,6,4,3,2,2002,2001,5,4
1556,-3,3,-3,0,-3,-3,3,-3,2,-3,2001,-3,3
1557,6,4,1,1,1,6,4,3,2,2003,2002,5,4
1565,5,5,1,1,1,4,4,3,3,2004,2003,5,5
1574,4,3,1,1,1,4,3,2,2,2002,2001,4,3
1586,6,4,1,1,1,6,4,3,2,2004,2002,5,4
1590,-3,3,-3,0,1,-3,3,-3,2,2002,2001,-3,3
1617,3,1,1,1,1,3,1,2,1,2003,2002,3,1
1620,3,3,1,1,1,3,3,2,2,2003,2002,3,3
1622,-3,2,-3,0,-3,-3,2,-3,1,-3,2002,-3,2
1623,1,1,2,1,1,1,1,1,1,2002,2001,1,1
1624,2,2,2,1,1,2,2,1,1,2003,2002,2,2
1632,5,4,1,1,1,4,4,3,2,2003,2002,5,4
1634,4,3,1,1,1,4,3,2,2,2003,2002,4,3
1639,4,3,1,1,1,4,3,2,2,2003,2002,4,3
1642,2,2,1,1,1,2,2,1,1,2002,2001,2,2
1653,-3,5,-3,0,-3,-3,4,-3,3,-3,2001,-3,5
1656,3,2,1,1,1,3,2,2,1,2004,2003,3,2
1672,-3,3,-3,0,1,-3,3,-3,2,2003,2002,-3,3
1678,2,2,1,1,1,2,2,1,1,2003,2002,2,2
1688,-3,4,-3,0,-3,-3,4,-3,2,-3,2002,-3,4
1693,-3,4,-3,0,-3,-3,4,-3,2,-3,2003,-3,4
1695,3,3,1,1,1,3,3,2,2,2005,2004,3,3
1697,4,3,1,1,1,4,3,2,2,2006,2006,4,3
1713,3,1,2,1,1,3,1,2,1,2004,2003,3,1
1752,1,1,1,1,1,1,1,1,1,2002,2001,1,1
1757,3,3,1,1,1,3,3,2,2,2003,2002,3,3
1765,-3,1,-3,0,-3,-3,1,-3,1,-3,2002,-3,1
1773,4,4,1,1,1,4,4,2,2,2004,2003,4,4
1781,3,3,2,1,1,3,3,2,2,2002,2001,3,3
1784,4,4,1,1,1,4,4,2,2,2002,2001,4,4
1797,-3,4,-3,0,-3,-3,4,-3,2,-3,2002,-3,4
1799,-3,3,-3,0,-3,-3,3,-3,2,-3,2003,-3,3
1802,-3,4,-3,0,-3,-3,4,-3,2,-3,2002,-3,4
1804,2,2,1,1,1,2,2,1,1,2002,2001,2,2
1806,4,3,1,1,1,4,3,2,2,2003,2002,4,3
1808,3,3,2,1,1,3,3,2,2,2003,2002,3,3
1810,2,2,1,1,1,2,2,1,1,2001,2000,2,2
1811,3,3,1,1,1,3,3,2,2,2003,2002,3,3
1812,3,2,1,1,1,3,2,2,1,2003,2002,3,2
1817,3,3,2,1,1,3,3,2,2,2002,2001,3,3
1825,3,1,1,1,1,3,1,2,1,2004,2003,3,1
1829,3,3,2,1,1,3,3,2,2,2002,2001,3,3
1831,3,3,2,1,1,3,3,2,2,2004,2002,3,3
1832,-3,3,-3,0,-3,-3,3,-3,2,-3,2003,-3,3
1833,-3,4,-3,0,1,-3,4,-3,2,2002,2002,-3,4
1841,3,3,2,1,1,3,3,2,2,2002,2001,3,3
1842,-3,5,-3,0,-3,-3,4,-3,3,-3,2003,-3,5
1844,3,2,1,1,1,3,2,2,1,2002,2001,3,2
1857,3,3,2,1,1,3,3,2,2,2003,2002,3,3
1862,3,3,1,1,1,3,3,2,2,2003,2003,3,3
1875,7,7,1,1,1,7,7,7,7,2003,2002,7,7
1883,-3,4,-3,0,1,-3,4,-3,2,2002,2003,-3,4
1885,3,3,1,1,1,3,3,2,2,2002,2001,3,3
1887,3,3,1,1,1,3,3,2,2,2003,2002,3,3
1888,-3,3,-3,0,-3,-3,3,-3,2,-3,2002,-3,3
1898,3,3,1,1,1,3,3,2,2,2004,2003,3,3
1902,-3,3,-3,0,-3,-3,3,-3,2,-3,2002,-3,3
1904,4,4,1,1,1,4,4,2,2,2002,2001,4,4
1919,-3,4,-3,0,-3,-3,4,-3,2,-3,2002,-3,4
1962,-3,4,-3,0,1,-3,4,-3,2,2003,2002,-3,4
1969,4,2,2,1,1,4,2,2,1,2003,2002,4,2
1984,-3,4,-3,0,1,-3,4,-3,2,2004,2002,-3,4
1991,-3,4,-3,0,-3,-3,4,-3,2,-3,2002,-3,4
1998,2,1,2,1,1,2,1,1,1,2006,2006,2,1
2025,-3,5,-3,0,1,-3,4,-3,3,2004,2002,-3,5
2028,3,3,1,1,1,3,3,2,2,2002,2001,3,3
2033,-3,2,-3,0,-3,-3,2,-3,1,-3,2002,-3,2
2039,3,3,2,1,1,3,3,2,2,2003,2002,3,3
2043,-3,3,-3,0,-3,-3,3,-3,2,-3,2002,-3,3
2045,4,2,1,1,1,4,2,2,1,2002,2001,4,2
2055,-3,1,-3,0,1,-3,1,-3,1,2002,2001,-3,1
2056,3,3,1,1,1,3,3,2,2,2003,2002,3,3
2058,-3,3,-3,0,-3,-3,3,-3,2,-3,2002,-3,3
2060,-3,3,-3,0,1,-3,3,-3,2,2004,2002,-3,3
2062,4,4,1,1,1,4,4,2,2,2002,2001,4,4
2065,-3,4,-3,0,1,-3,4,-3,2,2003,2002,-3,4
2068,3,3,1,1,1,3,3,2,2,2003,2002,3,3
2069,3,2,2,1,1,3,2,2,1,2003,2002,3,2
2071,4,2,2,1,1,4,2,2,1,2003,2002,4,2
2072,1,1,2,1,1,1,1,1,1,2003,2002,1,1
2077,2,1,2,1,1,2,1,1,1,2003,2002,2,1
2078,3,3,2,1,1,3,3,2,2,2002,2001,3,3
2081,2,2,1,1,1,2,2,1,1,2004,2002,2,2
2086,2,1,2,1,1,2,1,1,1,2003,2002,2,1
2087,5,5,1,1,1,4,4,3,3,2003,2002,5,5
2090,-3,1,-3,0,1,-3,1,-3,1,2002,2001,-3,1
2104,5,2,1,1,1,4,2,3,1,2003,2002,5,2
2109,-3,3,-3,0,1,-3,3,-3,2,2004,2002,-3,3
2113,3,2,2,1,1,3,2,2,1,2004,2002,3,2
2125,-3,4,-3,0,-3,-3,4,-3,2,-3,2001,-3,4
2129,3,3,1,1,1,3,3,2,2,2003,2002,3,3
2130,3,3,1,1,1,3,3,2,2,2003,2002,3,3
2146,3,3,1,1,1,3,3,2,2,2003,2001,3,3
2149,3,3,1,1,1,3,3,2,2,2002,2001,3,3
2165,3,2,2,1,1,3,2,2,1,2003,2002,3,2
2167,-3,4,-3,0,-3,-3,4,-3,2,-3,2001,-3,4
2169,3,3,1,1,1,3,3,2,2,2004,2003,3,3
2170,5,5,1,1,1,4,4,3,3,2003,2002,5,5
2171,3,3,1,1,1,3,3,2,2,2002,2001,3,3
2177,5,5,2,1,1,4,4,3,3,2004,2002,5,5
2183,3,3,1,1,1,3,3,2,2,2002,2001,3,3
2190,1,1,2,1,1,1,1,1,1,2003,2002,1,1
2195,-3,4,-3,0,-3,-3,4,-3,2,-3,2002,-3,4
2200,2,1,2,1,1,2,1,1,1,2004,2003,2,1
2203,3,2,2,1,1,3,2,2,1,2002,2001,3,2
2206,3,2,1,1,1,3,2,2,1,2002,2001,3,2
2211,-3,4,-3,0,-3,-3,4,-3,2,-3,2002,-3,4
2213,4,4,1,1,1,4,4,2,2,2002,2001,4,4
2215,5,3,1,1,1,4,3,3,2,2003,2002,5,3
2226,5,4,2,1,1,4,4,3,2,2001,2001,5,4
2231,4,4,1,1,1,4,4,2,2,2002,2001,4,4
2233,4,3,2,1,1,4,3,2,2,2003,2002,4,3
2237,4,2,1,1,1,4,2,2,1,2002,2001,4,2
2245,4,4,1,1,1,4,4,2,2,2003,2002,4,4
2248,4,4,2,1,1,4,4,2,2,2004,2003,4,4
2258,4,4,1,1,1,4,4,2,2,2005,2004,4,4
2276,4,4,1,1,1,4,4,2,2,2002,2001,4,4
2280,2,2,2,1,1,2,2,1,1,2003,2002,2,2
2290,3,3,1,1,1,3,3,2,2,2003,2002,3,3
2298,4,4,1,1,1,4,4,2,2,2003,2002,4,4
2299,4,3,1,1,1,4,3,2,2,2003,2002,4,3
2307,4,3,2,1,1,4,3,2,2,2002,2001,4,3
2308,-3,2,-3,0,-3,-3,2,-3,1,-3,2001,-3,2
2309,4,1,2,1,1,4,1,2,1,2004,2003,4,1
2330,2,1,1,1,1,2,1,1,1,2004,2003,2,1
2332,5,2,2,1,1,4,2,3,1,2004,2003,5,2
2335,4,4,1,1,1,4,4,2,2,2003,2002,4,4
2336,-3,4,-3,0,-3,-3,4,-3,2,-3,2001,-3,4
2338,4,3,1,1,1,4,3,2,2,2003,2002,4,3
2344,-3,5,-3,0,1,-3,4,-3,3,2004,2002,-3,5
2347,1,1,2,1,1,1,1,1,1,2003,2002,1,1
2348,4,3,1,1,1,4,3,2,2,2001,2001,4,3
2362,-3,6,-3,0,-3,-3,6,-3,3,-3,2002,-3,5
2364,-3,4,-3,0,-3,-3,4,-3,2,-3,2001,-3,4
2375,-3,4,-3,0,-3,-3,4,-3,2,-3,2003,-3,4
2377,3,3,2,1,1,3,3,2,2,2002,2001,3,3
2379,-3,4,-3,0,-3,-3,4,-3,2,-3,2001,-3,4
2385,4,4,2,1,1,4,4,2,2,2002,2001,4,4
2395,4,2,2,1,1,4,2,2,1,2003,2002,4,2
2420,4,2,1,1,1,4,2,2,1,2004,2003,4,2
2435,5,5,1,1,1,4,4,3,3,2003,2002,5,5
2437,4,4,1,1,1,4,4,2,2,2006,2006,4,4
2458,4,2,2,1,1,4,2,2,1,2002,2002,4,2
2463,-3,4,-3,0,-3,-3,4,-3,2,-3,2002,-3,4
2466,4,3,1,1,1,4,3,2,2,2003,2002,4,3
2467,3,2,2,1,1,3,2,2,1,2005,2003,3,2
2472,3,3,1,1,1,3,3,2,2,2002,2001,3,3
2476,3,2,2,1,1,3,2,2,1,2002,2001,3,2
2477,4,4,1,1,1,4,4,2,2,2003,2002,4,4
2497,-3,3,-3,0,-3,-3,3,-3,2,-3,2001,-3,3
2504,4,2,1,1,1,4,2,2,1,2003,2002,4,2
2510,4,4,1,1,1,4,4,2,2,2002,2001,4,4
2521,-3,4,-3,0,-3,-3,4,-3,2,-3,2002,-3,4
2523,2,2,1,1,1,2,2,1,1,2003,2002,2,2
2525,4,4,1,1,1,4,4,2,2,2004,2003,4,4
2541,-3,5,-3,0,-3,-3,4,-3,3,-3,2002,-3,5
2544,4,4,1,1,1,4,4,2,2,2002,2001,4,4
2548,4,4,1,1,1,4,4,2,2,2003,2002,4,4
2557,1,1,2,1,1,1,1,1,1,2004,2003,1,1
2563,4,4,1,1,1,4,4,2,2,2003,2002,4,4
2564,4,4,1,1,1,4,4,2,2,2004,2003,4,4
2566,3,3,1,1,1,3,3,2,2,2004,2003,3,3
2573,3,3,1,1,1,3,3,2,2,2002,2002,3,3
2576,3,3,1,1,1,3,3,2,2,2002,2001,3,3
2581,4,3,1,1,1,4,3,2,2,2003,2002,4,3
2584,-3,3,-3,0,-3,-3,3,-3,2,-3,2002,-3,3
2593,3,3,2,1,1,3,3,2,2,2004,2003,3,3
2594,5,5,1,1,1,4,4,3,3,2003,2002,5,5
2597,4,4,1,1,1,4,4,2,2,2002,2001,4,4
2614,3,3,1,1,1,3,3,2,2,2003,2001,3,3
2617,3,3,1,1,1,3,3,2,2,2003,2002,3,3
2618,3,3,2,1,1,3,3,2,2,2003,2002,3,3
2621,-3,3,-3,0,-3,-3,3,-3,2,-3,2000,-3,3
2633,4,4,1,1,1,4,4,2,2,2003,2001,4,4
2636,3,3,1,1,1,3,3,2,2,2003,2002,3,3
2640,3,2,2,1,1,3,2,2,1,2003,2002,3,2
2654,4,4,1,1,1,4,4,2,2,2002,2001,4,4
2655,5,5,1,1,1,4,4,3,3,2003,2002,5,5
2665,5,5,1,1,1,4,4,3,3,2003,2002,5,5
2667,1,1,2,1,1,1,1,1,1,2003,2002,1,1
2670,3,1,2,1,1,3,1,2,1,2002,2001,3,1
2673,4,3,1,1,1,4,3,2,2,2003,2002,4,3
2676,5,5,1,1,1,4,4,3,3,2003,2002,5,5
2682,5,5,1,1,1,4,4,3,3,2002,2001,5,5
2683,5,5,2,1,1,4,4,3,3,2002,2002,5,5
2700,3,2,1,1,1,3,2,2,1,2004,2003,3,2
2710,2,2,1,1,1,2,2,1,1,2002,2001,2,2
2711,2,2,1,1,1,2,2,1,1,2002,2001,2,2
2714,4,3,1,1,1,4,3,2,2,2003,2002,4,3
2716,4,3,1,1,1,4,3,2,2,2007,2005,4,3
2728,4,4,2,1,1,4,4,2,2,2003,2002,4,4
2732,4,2,1,1,1,4,2,2,1,2003,2002,4,2
2734,4,3,2,1,1,4,3,2,2,2002,2001,4,3
2736,4,4,2,1,1,4,4,2,2,2006,2004,4,4
2748,-3,4,-3,0,-3,-3,4,-3,2,-3,2003,-3,4
2751,-3,3,-3,0,-3,-3,3,-3,2,-3,2003,-3,3
2755,3,3,1,1,1,3,3,2,2,2003,2002,3,3
2756,3,2,1,1,1,3,2,2,1,2003,2002,3,2
2757,3,1,2,1,1,3,1,2,1,2003,2002,3,1
2764,5,5,1,1,1,4,4,3,3,2004,2003,5,5
2776,4,4,1,1,1,4,4,2,2,2004,2003,4,4
2778,4,4,1,1,1,4,4,2,2,2002,2001,4,4
2780,-3,5,-3,0,-3,-3,4,-3,3,-3,2002,-3,5
2792,3,3,2,1,1,3,3,2,2,2002,2001,3,3
2793,5,5,1,1,1,4,4,3,3,2003,2002,5,5
2796,5,5,1,1,1,4,4,3,3,2003,2002,5,5
2801,3,3,1,1,1,3,3,2,2,2002,2001,3,3
2807,-3,3,-3,0,-3,-3,3,-3,2,-3,2002,-3,3
2818,4,2,2,1,1,4,2,2,1,2003,2002,4,2
2820,-3,5,-3,0,-3,-3,4,-3,3,-3,2001,-3,5
2833,5,3,1,1,1,4,3,3,2,2003,2002,5,3
2834,-3,3,-3,0,-3,-3,3,-3,2,-3,2002,-3,3
2840,5,3,1,1,1,4,3,3,2,2003,2002,5,3
2841,4,4,1,1,1,4,4,2,2,2004,2003,4,4
2844,-3,4,-3,0,-3,-3,4,-3,2,-3,2002,-3,4
2870,1,1,2,1,1,1,1,1,1,2003,2002,1,1
2877,-3,1,-3,0,1,-3,1,-3,1,2002,2001,-3,1
2883,6,5,1,1,1,6,4,3,3,2003,2002,5,5
2884,4,4,1,1,1,4,4,2,2,2003,2002,4,4
2886,6,4,1,1,1,6,4,3,2,2003,2002,5,4
2888,3,2,1,1,1,3,2,2,1,2003,2002,3,2
2898,3,2,2,1,1,3,2,2,1,2003,2002,3,2
2902,3,3,1,1,1,3,3,2,2,2003,2002,3,3
2905,1,1,2,1,1,1,1,1,1,2002,2001,1,1
2906,3,3,2,1,1,3,3,2,2,2004,2003,3,3
2908,-3,4,-3,0,-3,-3,4,-3,2,-3,2001,-3,4
2937,2,2,2,1,1,2,2,1,1,2004,2003,2,2
2939,3,1,2,1,1,3,1,2,1,2003,2002,3,1
2941,2,2,1,1,1,2,2,1,1,2003,2002,2,2
2943,2,1,1,1,1,2,1,1,1,2003,2002,2,1
2944,3,3,2,1,1,3,3,2,2,2003,2002,3,3
2946,3,2,2,1,1,3,2,2,1,2003,2002,3,2
2952,2,2,2,1,1,2,2,1,1,2002,2001,2,2
2976,3,3,2,1,1,3,3,2,2,2003,2002,3,3
2987,4,4,1,1,1,4,4,2,2,2003,2002,4,4
2989,3,3,1,1,1,3,3,2,2,2002,2001,3,3
2993,3,2,1,1,1,3,2,2,1,2003,2002,3,2
2995,4,4,1,1,1,4,4,2,2,2003,2002,4,4
3005,3,3,1,1,1,3,3,2,2,2004,2002,3,3
3007,4,4,1,1,1,4,4,2,2,2003,2002,4,4
3016,3,3,1,1,1,3,3,2,2,2004,2003,3,3
3017,3,3,1,1,1,3,3,2,2,2003,2002,3,3
3022,4,3,1,1,1,4,3,2,2,2002,2001,4,3
3024,4,4,1,1,1,4,4,2,2,2003,2002,4,4
3025,4,3,1,1,1,4,3,2,2,2002,2001,4,3
3041,4,4,1,1,1,4,4,2,2,2004,2002,4,4
3045,-3,4,-3,0,-3,-3,4,-3,2,-3,2002,-3,4
3051,4,4,1,1,1,4,4,2,2,2002,2001,4,4
3064,-3,4,-3,0,-3,-3,4,-3,2,-3,2002,-3,4
3068,-3,4,-3,0,1,-3,4,-3,2,2004,2002,-3,4
3072,-3,5,-3,0,1,-3,4,-3,3,2001,2001,-3,5
3074,4,4,1,1,1,4,4,2,2,2002,2001,4,4
3077,-3,4,-3,0,1,-3,4,-3,2,2003,2002,-3,4
3080,-3,4,-3,0,-3,-3,4,-3,2,-3,2002,-3,4
3085,3,3,1,1,1,3,3,2,2,2002,2001,3,3
3087,4,4,2,1,1,4,4,2,2,2003,2002,4,4
3091,3,3,1,1,1,3,3,2,2,2004,2003,3,3
3096,-3,3,-3,0,1,-3,3,-3,2,2001,2001,-3,3
3113,-3,3,-3,0,-3,-3,3,-3,2,-3,2003,-3,3
3135,-3,5,-3,0,-3,-3,4,-3,3,-3,2003,-3,5
3141,4,4,1,1,1,4,4,2,2,2003,2002,4,4
3144,4,4,1,1,1,4,4,2,2,2002,2001,4,4
3151,-3,5,-3,0,-3,-3,4,-3,3,-3,2002,-3,5
3162,6,5,3,1,1,6,4,3,3,2005,2003,5,5
3168,-3,6,-3,0,-3,-3,6,-3,3,-3,2002,-3,5
3171,4,4,1,1,1,4,4,2,2,2003,2002,4,4
3183,4,4,1,1,1,4,4,2,2,2003,2002,4,4
3187,4,4,1,1,1,4,4,2,2,2003,2002,4,4
3193,4,3,1,1,1,4,3,2,2,2004,2003,4,3
3194,3,3,1,1,1,3,3,2,2,2003,2002,3,3
3198,4,4,1,1,1,4,4,2,2,2004,2003,4,4
3210,3,3,1,1,1,3,3,2,2,2004,2003,3,3
3211,3,3,1,1,1,3,3,2,2,2003,2002,3,3
3212,4,1,1,1,1,4,1,2,1,2003,2002,4,1
3218,4,4,1,1,1,4,4,2,2,2006,2004,4,4
3232,-3,4,-3,0,-3,-3,4,-3,2,-3,2003,-3,4
3236,3,3,2,1,1,3,3,2,2,2002,2001,3,3
3239,3,3,2,1,1,3,3,2,2,2003,2002,3,3
3251,4,4,1,1,1,4,4,2,2,2002,2001,4,4
3272,-3,4,-3,0,-3,-3,4,-3,2,-3,2001,-3,4
3279,3,3,2,1,1,3,3,2,2,2004,2003,3,3
3281,4,3,1,1,1,4,3,2,2,2004,2003,4,3
3282,4,3,1,1,1,4,3,2,2,2003,2002,4,3
3284,3,3,2,1,1,3,3,2,2,2003,2002,3,3
3285,-3,3,-3,0,-3,-3,3,-3,2,-3,2002,-3,3
3288,-3,4,-3,0,-3,-3,4,-3,2,-3,2002,-3,4
3290,-3,1,-3,0,-3,-3,1,-3,1,-3,2003,-3,1
3305,5,5,1,1,1,4,4,3,3,2004,2003,5,5
3318,-3,3,-3,0,-3,-3,3,-3,2,-3,2002,-3,3
3368,4,4,1,1,1,4,4,2,2,2004,2003,4,4
3377,4,4,1,1,1,4,4,2,2,2003,2002,4,4
3378,3,3,1,1,1,3,3,2,2,2002,2001,3,3
3380,4,2,2,1,1,4,2,2,1,2003,2002,4,2
3388,4,4,2,1,1,4,4,2,2,2005,2004,4,4
3391,1,1,1,1,1,1,1,1,1,2002,2002,1,1
3395,4,3,1,1,1,4,3,2,2,2004,2002,4,3
3398,3,1,2,1,1,3,1,2,1,2002,2001,3,1
3399,3,3,2,1,1,3,3,2,2,2004,2003,3,3
3408,4,4,1,1,1,4,4,2,2,2002,2001,4,4
3410,4,3,1,1,1,4,3,2,2,2003,2002,4,3
3414,7,2,1,1,1,7,2,7,1,2002,2001,7,2
3415,4,4,1,1,1,4,4,2,2,2002,2002,4,4
3417,1,1,1,1,1,1,1,1,1,2003,2002,1,1
3419,4,2,2,1,1,4,2,2,1,2003,2002,4,2
3429,4,3,1,1,1,4,3,2,2,2003,2002,4,3
3433,-3,5,-3,0,-3,-3,4,-3,3,-3,2003,-3,5
3435,3,3,1,1,1,3,3,2,2,2002,2001,3,3
3443,1,1,1,1,1,1,1,1,1,2003,2002,1,1
3452,-3,1,-3,0,-3,-3,1,-3,1,-3,2002,-3,1
3455,-3,3,-3,0,1,-3,3,-3,2,2002,2001,-3,3
3456,3,2,1,1,1,3,2,2,1,2003,2003,3,2
3457,1,1,2,1,1,1,1,1,1,2003,2002,1,1
3458,3,3,1,1,1,3,3,2,2,2003,2002,3,3
3459,-3,4,-3,0,-3,-3,4,-3,2,-3,2002,-3,4
3461,3,2,1,1,1,3,2,2,1,2006,2006,3,2
3467,4,3,1,1,1,4,3,2,2,2003,2002,4,3
3469,-3,4,-3,0,1,-3,4,-3,2,2003,2002,-3,4
3471,3,3,1,1,1,3,3,2,2,2004,2002,3,3
3472,3,1,2,1,1,3,1,2,1,2003,2002,3,1
3475,3,3,1,1,1,3,3,2,2,2003,2002,3,3
3476,4,4,1,1,1,4,4,2,2,2003,2002,4,4
3482,4,4,2,1,1,4,4,2,2,2002,2002,4,4
3484,3,3,1,1,1,3,3,2,2,2004,2002,3,3
3487,3,3,1,1,1,3,3,2,2,2003,2002,3,3
3489,4,4,1,1,1,4,4,2,2,2002,2001,4,4
3498,4,4,1,1,1,4,4,2,2,2002,2001,4,4
3517,-3,5,-3,0,-3,-3,4,-3,3,-3,2002,-3,5
3527,1,1,1,1,1,1,1,1,1,2002,2001,1,1
3536,4,4,2,1,1,4,4,2,2,2003,2002,4,4
3544,5,3,2,1,1,4,3,3,2,2003,2002,5,3
3549,4,4,2,1,1,4,4,2,2,2002,2001,4,4
3556,4,1,1,1,1,4,1,2,1,2002,2001,4,1
3558,4,3,1,1,1,4,3,2,2,2003,2002,4,3
3561,2,1,1,1,1,2,1,1,1,2004,2003,2,1
3563,4,4,1,1,1,4,4,2,2,2002,2001,4,4
3575,5,5,2,1,1,4,4,3,3,2006,2006,5,5
3578,2,2,2,1,1,2,2,1,1,2003,2002,2,2
3579,4,4,1,1,1,4,4,2,2,2002,2001,4,4
3582,4,1,1,1,1,4,1,2,1,2003,2002,4,1
3584,4,4,1,1,1,4,4,2,2,2003,2002,4,4
3586,4,1,1,1,1,4,1,2,1,2002,2001,4,1
3589,4,4,1,1,1,4,4,2,2,2003,2002,4,4
3595,7,3,2,1,1,7,3,7,2,2003,2002,7,3
3599,4,3,1,1,1,4,3,2,2,2001,2001,4,3
3601,4,1,1,1,1,4,1,2,1,2002,2001,4,1
3606,3,3,2,1,1,3,3,2,2,2003,2001,3,3
3612,4,4,1,1,1,4,4,2,2,2002,2001,4,4
3614,3,1,1,1,1,3,1,2,1,2003,2002,3,1
3616,4,4,2,1,1,4,4,2,2,2004,2004,4,4
3626,4,3,1,1,1,4,3,2,2,2003,2002,4,3
3628,5,4,1,1,1,4,4,3,2,2002,2001,5,4
3634,1,1,1,1,1,1,1,1,1,2002,2001,1,1
3637,4,4,1,1,1,4,4,2,2,2003,2002,4,4
3639,-3,4,-3,0,-3,-3,4,-3,2,-3,2001,-3,4
3640,3,1,1,1,1,3,1,2,1,2004,2002,3,1
3641,4,4,1,1,1,4,4,2,2,2005,2003,4,4
3643,1,1,1,1,1,1,1,1,1,2004,2003,1,1
3647,-3,4,-3,0,-3,-3,4,-3,2,-3,2002,-3,4
3674,4,3,1,1,1,4,3,2,2,2004,2004,4,3
3681,5,5,2,1,1,4,4,3,3,2003,2002,5,5
3683,3,1,1,1,1,3,1,2,1,2005,2003,3,1
3691,4,2,2,1,1,4,2,2,1,2003,2002,4,2
3705,3,2,1,1,1,3,2,2,1,2002,2001,3,2
3712,4,1,1,1,1,4,1,2,1,2004,2003,4,1
3714,6,6,1,1,1,6,6,3,3,2002,2001,5,5
3725,4,1,1,1,1,4,1,2,1,2003,2002,4,1
3727,4,4,2,1,1,4,4,2,2,2002,2001,4,4
3738,-3,4,-3,0,-3,-3,4,-3,2,-3,2002,-3,4
3745,4,4,1,1,1,4,4,2,2,2003,2002,4,4
3751,-3,4,-3,0,-3,-3,4,-3,2,-3,2003,-3,4
3761,5,5,1,1,1,4,4,3,3,2003,2002,5,5
3765,6,6,2,1,1,6,6,3,3,2003,2002,5,5
3770,4,4,1,1,1,4,4,2,2,2002,2001,4,4
3775,-3,3,-3,0,-3,-3,3,-3,2,-3,2002,-3,3
3776,-3,4,-3,0,-3,-3,4,-3,2,-3,2004,-3,4
3787,2,1,1,1,1,2,1,1,1,2002,2001,2,1
3788,5,4,1,1,1,4,4,3,2,2005,2005,5,4
3789,2,1,2,1,1,2,1,1,1,2002,2001,2,1
3800,4,4,1,1,1,4,4,2,2,2002,2001,4,4
3807,-3,2,-3,0,-3,-3,2,-3,1,-3,2002,-3,2
3816,3,3,1,1,1,3,3,2,2,2002,2001,3,3
3817,2,1,1,1,1,2,1,1,1,2003,2002,2,1
3827,5,4,1,1,1,4,4,3,2,2004,2003,5,4
3838,4,1,1,1,1,4,1,2,1,2002,2001,4,1
3843,4,4,1,1,1,4,4,2,2,2001,2001,4,4
3846,-3,3,-3,0,-3,-3,3,-3,2,-3,2001,-3,3
3847,-3,2,-3,0,1,-3,2,-3,1,2004,2003,-3,2
3851,-3,4,-3,0,-3,-3,4,-3,2,-3,2002,-3,4
3853,-3,4,-3,0,1,-3,4,-3,2,2004,2003,-3,4
3866,4,4,2,1,1,4,4,2,2,2004,2003,4,4
3874,4,4,1,1,1,4,4,2,2,2003,2002,4,4
3879,6,6,2,1,1,6,6,3,3,2004,2003,5,5
3881,4,4,1,1,1,4,4,2,2,2002,2001,4,4
3884,5,3,1,1,1,4,3,3,2,2003,2002,5,3
3890,-3,4,-3,0,-3,-3,4,-3,2,-3,2002,-3,4
3896,3,3,1,1,1,3,3,2,2,2004,2003,3,3
3898,5,5,1,1,1,4,4,3,3,2006,2004,5,5
3906,3,3,2,1,1,3,3,2,2,2003,2002,3,3
3916,-3,3,-3,0,1,-3,3,-3,2,2003,2001,-3,3
3960,4,4,1,1,1,4,4,2,2,2003,2002,4,4
3964,-3,2,-3,0,1,-3,2,-3,1,2003,2002,-3,2
3965,3,3,1,1,1,3,3,2,2,2003,2002,3,3
3969,4,3,1,1,1,4,3,2,2,2003,2002,4,3
3974,4,4,2,1,1,4,4,2,2,2003,2002,4,4
3976,4,4,1,1,1,4,4,2,2,2001,2001,4,4
3998,4,3,1,1,1,4,3,2,2,2004,2003,4,3
4004,6,6,2,1,1,6,6,3,3,2003,2002,5,5
4008,3,3,1,1,1,3,3,2,2,2003,2002,3,3
4013,4,3,1,1,1,4,3,2,2,2002,2002,4,3
4017,4,4,2,1,1,4,4,2,2,2004,2003,4,4
4022,3,2,1,1,1,3,2,2,1,2003,2002,3,2
4039,4,4,1,1,1,4,4,2,2,2002,2002,4,4
4041,3,3,1,1,1,3,3,2,2,2003,2002,3,3
4045,-3,3,-3,0,-3,-3,3,-3,2,-3,2002,-3,3
4047,5,5,1,1,1,4,4,3,3,2005,2003,5,5
4073,4,4,1,1,1,4,4,2,2,2004,2002,4,4
4077,4,4,1,1,1,4,4,2,2,2004,2003,4,4
4084,4,4,1,1,1,4,4,2,2,2003,2002,4,4
4092,5,5,1,1,1,4,4,3,3,2005,2003,5,5
4096,-3,6,-3,0,-3,-3,6,-3,3,-3,2001,-3,5
4100,3,3,1,1,1,3,3,2,2,2002,2001,3,3
4101,3,3,2,1,1,3,3,2,2,2004,2003,3,3
4104,3,3,1,1,1,3,3,2,2,2002,2001,3,3
4109,3,3,1,1,1,3,3,2,2,2002,2001,3,3
4113,1,1,2,1,1,1,1,1,1,2003,2001,1,1
4128,-3,4,-3,0,-3,-3,4,-3,2,-3,2002,-3,4
4133,4,4,1,1,1,4,4,2,2,2002,2001,4,4
4134,-3,3,-3,0,-3,-3,3,-3,2,-3,2003,-3,3
4135,-3,4,-3,0,-3,-3,4,-3,2,-3,2003,-3,4
4137,2,2,1,1,1,2,2,1,1,2002,2001,2,2
4139,3,2,2,1,1,3,2,2,1,2002,2001,3,2
4145,-3,4,-3,0,1,-3,4,-3,2,2004,2003,-3,4
4153,2,2,1,1,1,2,2,1,1,2007,2006,2,2
4161,3,3,2,1,1,3,3,2,2,2004,2003,3,3
4162,-3,4,-3,0,-3,-3,4,-3,2,-3,2003,-3,4
4198,2,2,1,1,1,2,2,1,1,2002,2001,2,2
4199,-3,3,-3,0,1,-3,3,-3,2,2003,2003,-3,3
4204,3,2,1,1,1,3,2,2,1,2004,2003,3,2
4214,-3,2,-3,0,-3,-3,2,-3,1,-3,2001,-3,2
4217,-3,2,-3,0,1,-3,2,-3,1,2003,2002,-3,2
4223,-3,4,-3,0,-3,-3,4,-3,2,-3,2001,-3,4
4229,4,4,1,1,1,4,4,2,2,2004,2003,4,4
4238,6,4,1,1,1,6,4,3,2,2002,2001,5,4
4239,4,3,1,1,1,4,3,2,2,2003,2002,4,3
4240,4,4,1,1,1,4,4,2,2,2003,2002,4,4
4241,6,2,1,1,1,6,2,3,1,2004,2003,5,2
4244,-3,2,-3,0,-3,-3,2,-3,1,-3,2006,-3,2
4246,-3,6,-3,0,1,-3,6,-3,3,2003,2002,-3,5
4256,3,2,2,1,1,3,2,2,1,2003,2002,3,2
4264,4,4,1,1,1,4,4,2,2,2003,2002,4,4
4266,4,4,1,1,1,4,4,2,2,2003,2002,4,4
4278,2,2,1,1,1,2,2,1,1,2003,2002,2,2
4281,4,4,1,1,1,4,4,2,2,2002,2001,4,4
4282,2,2,1,1,1,2,2,1,1,2003,2002,2,2
4295,-3,5,-3,0,1,-3,4,-3,3,2004,2002,-3,5
4296,3,2,1,1,1,3,2,2,1,2002,2001,3,2
4300,-3,7,-3,0,1,-3,7,-3,7,2001,2001,-3,7
4313,5,5,1,1,1,4,4,3,3,2003,2002,5,5
4332,-3,5,-3,0,-3,-3,4,-3,3,-3,2003,-3,5
4339,-3,4,-3,0,-3,-3,4,-3,2,-3,2004,-3,4
4341,-3,5,-3,0,-3,-3,4,-3,3,-3,2003,-3,5
4364,-3,5,-3,0,-3,-3,4,-3,3,-3,2002,-3,5
4365,3,2,1,1,1,3,2,2,1,2003,2002,3,2
4367,-3,5,-3,0,-3,-3,4,-3,3,-3,2003,-3,5
4372,5,3,1,1,1,4,3,3,2,2001,2002,5,3
4375,5,5,1,1,1,4,4,3,3,2004,2002,5,5
4376,5,5,1,1,1,4,4,3,3,2003,2002,5,5
4379,3,2,1,1,1,3,2,2,1,2003,2002,3,2
4391,5,5,1,1,1,4,4,3,3,2002,2001,5,5
4407,4,4,1,1,1,4,4,2,2,2002,2001,4,4
4412,5,5,1,1,1,4,4,3,3,2001,2000,5,5
4413,3,2,1,1,1,3,2,2,1,2006,2005,3,2
4423,4,4,2,1,1,4,4,2,2,2002,2001,4,4
4425,4,4,1,1,1,4,4,2,2,2006,2005,4,4
4426,4,4,2,1,1,4,4,2,2,2007,2006,4,4
4432,5,5,1,1,1,4,4,3,3,2004,2004,5,5
4434,4,4,2,1,1,4,4,2,2,2003,2001,4,4
4437,4,4,1,1,1,4,4,2,2,2003,2002,4,4
4440,4,4,1,1,1,4,4,2,2,2003,2002,4,4
4441,3,2,1,1,1,3,2,2,1,2003,2002,3,2
4447,3,2,1,1,1,3,2,2,1,2002,2001,3,2
4448,4,4,1,1,1,4,4,2,2,2003,2002,4,4
4450,3,1,1,1,1,3,1,2,1,2004,2003,3,1
4455,4,4,1,1,1,4,4,2,2,2005,2003,4,4
4457,3,2,1,1,1,3,2,2,1,2003,2002,3,2
4458,3,3,3,1,1,3,3,2,2,2004,2002,3,3
4460,3,3,1,1,1,3,3,2,2,2003,2002,3,3
4465,4,3,1,1,1,4,3,2,2,2003,2001,4,3
4471,3,2,1,1,1,3,2,2,1,2003,2002,3,2
4479,3,3,1,1,1,3,3,2,2,2004,2003,3,3
4481,3,3,1,1,1,3,3,2,2,2002,2001,3,3
4510,3,3,1,1,1,3,3,2,2,2001,2001,3,3
4514,-3,3,-3,0,-3,-3,3,-3,2,-3,2001,-3,3
4517,-3,3,-3,0,1,-3,3,-3,2,2001,2001,-3,3
4524,3,3,1,1,1,3,3,2,2,2000,2000,3,3
4525,1,1,2,1,1,1,1,1,1,2004,2003,1,1
4532,1,1,2,1,1,1,1,1,1,2004,2003,1,1
4535,-3,2,-3,0,1,-3,2,-3,1,2006,2005,-3,2
4539,4,4,2,1,1,4,4,2,2,2002,2001,4,4
4544,4,4,1,1,1,4,4,2,2,2004,2003,4,4
4550,4,3,1,1,1,4,3,2,2,2003,2002,4,3
4551,-3,4,-3,0,-3,-3,4,-3,2,-3,2003,-3,4
4553,4,4,1,1,1,4,4,2,2,2003,2002,4,4
4577,2,2,2,1,1,2,2,1,1,2004,2003,2,2
4582,-3,4,-3,0,-3,-3,4,-3,2,-3,2002,-3,4
4612,3,3,1,1,1,3,3,2,2,2004,2003,3,3
4630,4,3,1,1,1,4,3,2,2,2004,2002,4,3
4633,-3,3,-3,0,-3,-3,3,-3,2,-3,2002,-3,3
4636,4,4,2,1,1,4,4,2,2,2005,2003,4,4
4642,3,3,1,1,1,3,3,2,2,2003,2002,3,3
4644,3,3,1,1,1,3,3,2,2,2003,2002,3,3
4645,4,4,1,1,1,4,4,2,2,2003,2002,4,4
4646,1,1,2,1,1,1,1,1,1,2003,2002,1,1
4662,2,2,2,1,1,2,2,1,1,2004,2003,2,2
4697,4,4,1,1,1,4,4,2,2,2003,2002,4,4
4702,-3,4,-3,0,1,-3,4,-3,2,2004,2002,-3,4
4709,5,5,1,1,1,4,4,3,3,2001,2001,5,5
4732,3,3,2,1,1,3,3,2,2,2003,2002,3,3
4757,4,4,1,1,1,4,4,2,2,2002,2001,4,4
4762,-3,3,-3,0,1,-3,3,-3,2,2004,2003,-3,3
4797,-3,3,-3,0,-3,-3,3,-3,2,-3,2002,-3,3
4798,-3,2,-3,0,-3,-3,2,-3,1,-3,2003,-3,2
4801,-3,3,-3,0,1,-3,3,-3,2,2003,2001,-3,3
4803,-3,4,-3,0,-3,-3,4,-3,2,-3,2001,-3,4
4812,4,4,2,1,1,4,4,2,2,2003,2002,4,4
4814,1,1,2,1,1,1,1,1,1,2002,2001,1,1
4815,1,1,2,1,1,1,1,1,1,2002,2001,1,1
4818,2,1,2,1,1,2,1,1,1,2003,2002,2,1
4821,4,3,1,1,1,4,3,2,2,2003,2002,4,3
4822,4,2,1,1,1,4,2,2,1,2004,2002,4,2
4830,4,1,1,1,1,4,1,2,1,2002,2001,4,1
4832,-3,2,-3,0,-3,-3,2,-3,1,-3,2001,-3,2
4839,4,4,1,1,1,4,4,2,2,2003,2002,4,4
4842,3,3,1,1,1,3,3,2,2,2003,2002,3,3
4853,4,3,1,1,1,4,3,2,2,2003,2002,4,3
4855,4,4,1,1,1,4,4,2,2,2002,2001,4,4
4858,2,1,2,1,1,2,1,1,1,2004,2003,2,1
4877,4,4,1,1,1,4,4,2,2,2003,2002,4,4
4881,3,3,1,1,1,3,3,2,2,2002,2001,3,3
4885,4,4,1,1,1,4,4,2,2,2001,2001,4,4
4897,3,1,2,1,1,3,1,2,1,2003,2002,3,1
4903,-3,4,-3,0,-3,-3,4,-3,2,-3,2001,-3,4
4905,-3,4,-3,0,-3,-3,4,-3,2,-3,2001,-3,4
4927,2,2,1,1,1,2,2,1,1,2002,2001,2,2
4935,2,2,2,1,1,2,2,1,1,2004,2003,2,2
4938,4,4,1,1,1,4,4,2,2,2003,2002,4,4
4941,2,1,1,1,1,2,1,1,1,2004,2003,2,1
4944,4,4,1,1,1,4,4,2,2,2002,2001,4,4
4971,-3,4,-3,0,-3,-3,4,-3,2,-3,2002,-3,4
4977,-3,3,-3,0,-3,-3,3,-3,2,-3,2003,-3,3
4983,5,3,3,1,1,4,3,3,2,2002,2001,5,3
4987,5,4,1,1,1,4,4,3,2,2002,2001,5,4
4991,5,4,2,1,1,4,4,3,2,2003,2002,5,4
4994,7,2,2,1,1,7,2,7,1,2004,2002,7,2
4997,-3,4,-3,0,-3,-3,4,-3,2,-3,2002,-3,4
5006,4,4,1,1,1,4,4,2,2,2004,2002,4,4
5018,3,3,2,1,1,3,3,2,2,2004,2003,3,3
5022,-3,5,-3,0,-3,-3,4,-3,3,-3,2002,-3,5
5025,5,3,1,1,1,4,3,3,2,2003,2002,5,3
5026,-3,3,-3,0,-3,-3,3,-3,2,-3,2002,-3,3
5030,4,2,1,1,1,4,2,2,1,2002,2001,4,2
5041,3,3,1,1,1,3,3,2,2,2004,2002,3,3
5062,6,6,1,1,1,6,6,3,3,2005,2003,5,5
5069,-3,1,-3,0,-3,-3,1,-3,1,-3,2004,-3,1
5075,1,1,2,1,1,1,1,1,1,2003,2002,1,1
5091,3,3,1,1,1,3,3,2,2,2004,2003,3,3
5095,3,3,1,1,1,3,3,2,2,2003,2002,3,3
5096,3,3,1,1,1,3,3,2,2,2003,2002,3,3
5097,3,3,1,1,1,3,3,2,2,2003,2002,3,3
5128,-3,3,-3,0,1,-3,3,-3,2,2002,2002,-3,3
5131,-3,3,-3,0,-3,-3,3,-3,2,-3,2001,-3,3
5136,5,5,2,1,1,4,4,3,3,2002,2001,5,5
5143,3,3,1,1,1,3,3,2,2,2004,2003,3,3
5147,3,3,1,1,1,3,3,2,2,2003,2002,3,3
5150,3,3,1,1,1,3,3,2,2,2002,2001,3,3
5151,3,3,1,1,1,3,3,2,2,2004,2003,3,3
5155,-3,5,-3,0,-3,-3,4,-3,3,-3,2001,-3,5
5160,-3,3,-3,0,-3,-3,3,-3,2,-3,2005,-3,3
5163,3,3,1,1,1,3,3,2,2,2004,2002,3,3
5174,3,3,2,1,1,3,3,2,2,2003,2002,3,3
5175,3,3,1,1,1,3,3,2,2,2002,2001,3,3
5176,3,3,1,1,1,3,3,2,2,2004,2003,3,3
5179,4,3,1,1,1,4,3,2,2,2002,2001,4,3
5181,4,4,1,1,1,4,4,2,2,2003,2002,4,4
5187,3,3,1,1,1,3,3,2,2,2002,2001,3,3
5188,6,2,2,1,1,6,2,3,1,2002,2001,5,2
5193,6,6,2,1,1,6,6,3,3,2002,2001,5,5
5198,3,3,1,1,1,3,3,2,2,2004,2003,3,3
5204,4,4,1,1,1,4,4,2,2,2004,2003,4,4
5206,4,1,1,1,1,4,1,2,1,2002,2001,4,1
5208,4,4,2,1,1,4,4,2,2,2003,2002,4,4
5213,-3,4,-3,0,-3,-3,4,-3,2,-3,2002,-3,4
5220,6,3,2,1,1,6,3,3,2,2003,2002,5,3
5221,3,3,1,1,1,3,3,2,2,2002,2002,3,3
5223,4,4,1,1,1,4,4,2,2,2003,2002,4,4
5238,3,1,2,1,1,3,1,2,1,2004,2003,3,1
5239,4,4,1,1,1,4,4,2,2,2005,2003,4,4
5246,3,3,2,1,1,3,3,2,2,2004,2003,3,3
5247,2,2,2,1,1,2,2,1,1,2003,2002,2,2
5256,-3,4,-3,0,-3,-3,4,-3,2,-3,2002,-3,4
5268,3,3,2,1,1,3,3,2,2,2003,2002,3,3
5277,-3,5,-3,0,-3,-3,4,-3,3,-3,2001,-3,5
5289,4,3,1,1,1,4,3,2,2,2004,2003,4,3
5295,3,3,1,1,1,3,3,2,2,2003,2002,3,3
5301,-3,3,-3,0,-3,-3,3,-3,2,-3,2002,-3,3
5309,5,5,1,1,1,4,4,3,3,2004,2002,5,5
5312,3,3,1,1,1,3,3,2,2,2004,2003,3,3
5330,4,3,1,1,1,4,3,2,2,2003,2002,4,3
5333,3,3,1,1,1,3,3,2,2,2002,2001,3,3
5334,-3,4,-3,0,-3,-3,4,-3,2,-3,2003,-3,4
5343,3,3,2,1,1,3,3,2,2,2004,2003,3,3
5346,4,4,1,1,1,4,4,2,2,2003,2002,4,4
5348,4,4,1,1,1,4,4,2,2,2004,2003,4,4
5351,4,4,1,1,1,4,4,2,2,2002,2002,4,4
5354,5,5,1,1,1,4,4,3,3,2003,2002,5,5
5356,4,4,1,1,1,4,4,2,2,2002,2001,4,4
5361,4,4,2,1,1,4,4,2,2,2005,2003,4,4
5365,4,4,2,1,1,4,4,2,2,2003,2002,4,4
5369,5,5,1,1,1,4,4,3,3,2004,2003,5,5
5381,5,5,1,1,1,4,4,3,3,2003,2002,5,5
5388,5,3,1,1,1,4,3,3,2,2003,2002,5,3
5392,5,5,1,1,1,4,4,3,3,2004,2003,5,5
5394,4,4,1,1,1,4,4,2,2,2003,2002,4,4
5401,-3,5,-3,0,-3,-3,4,-3,3,-3,2001,-3,5
5402,6,6,1,1,1,6,6,3,3,2003,2002,5,5
5407,5,4,1,1,1,4,4,3,2,2002,2001,5,4
5410,5,5,1,1,1,4,4,3,3,2004,2003,5,5
5416,4,4,1,1,1,4,4,2,2,2003,2002,4,4
5428,-3,6,-3,0,-3,-3,6,-3,3,-3,2003,-3,5
5430,6,6,1,1,1,6,6,3,3,2002,2002,5,5
5437,6,6,1,1,1,6,6,3,3,2003,2002,5,5
5438,-3,5,-3,0,-3,-3,4,-3,3,-3,2001,-3,5
5440,4,4,1,1,1,4,4,2,2,2003,2003,4,4
5444,4,4,1,1,1,4,4,2,2,2004,2003,4,4
5446,3,3,2,1,1,3,3,2,2,2002,2001,3,3
5449,6,3,1,1,1,6,3,3,2,2003,2002,5,3
5452,6,6,1,1,1,6,6,3,3,2003,2002,5,5
5453,-3,5,-3,0,-3,-3,4,-3,3,-3,2003,-3,5
5454,4,3,1,1,1,4,3,2,2,2003,2002,4,3
5460,-3,4,-3,0,-3,-3,4,-3,2,-3,2001,-3,4
5474,-3,1,-3,0,1,-3,1,-3,1,2001,2001,-3,1
5475,4,3,1,1,1,4,3,2,2,2004,2003,4,3
5477,6,6,1,1,1,6,6,3,3,2003,2002,5,5
5480,4,4,2,1,1,4,4,2,2,2003,2002,4,4
5490,4,4,1,1,1,4,4,2,2,2003,2002,4,4
5500,5,3,1,1,1,4,3,3,2,2003,2002,5,3
5504,-3,4,-3,0,-3,-3,4,-3,2,-3,2002,-3,4
5524,5,5,1,1,1,4,4,3,3,2003,2003,5,5
5526,3,3,1,1,1,3,3,2,2,2004,2003,3,3
5534,-3,5,-3,0,-3,-3,4,-3,3,-3,2002,-3,5
5537,3,3,1,1,1,3,3,2,2,2003,2002,3,3
5539,-3,4,-3,0,-3,-3,4,-3,2,-3,2003,-3,4
5540,3,3,1,1,1,3,3,2,2,2003,2002,3,3
5542,4,3,1,1,1,4,3,2,2,2004,2003,4,3
5544,3,1,1,1,1,3,1,2,1,2005,2003,3,1
5545,-3,5,-3,0,-3,-3,4,-3,3,-3,2002,-3,5
5546,5,5,1,1,1,4,4,3,3,2004,2003,5,5
5554,5,4,2,1,1,4,4,3,2,2003,2002,5,4
5562,4,4,1,1,1,4,4,2,2,2002,2001,4,4
5575,5,3,1,1,1,4,3,3,2,2003,2002,5,3
5578,4,3,1,1,1,4,3,2,2,2003,2002,4,3
5589,4,4,1,1,1,4,4,2,2,2003,2001,4,4
5594,5,4,1,1,1,4,4,3,2,2003,2002,5,4
5605,4,4,1,1,1,4,4,2,2,2004,2003,4,4
5606,5,5,1,1,1,4,4,3,3,2001,2001,5,5
5607,-3,4,-3,0,-3,-3,4,-3,2,-3,2003,-3,4
5610,5,5,1,1,1,4,4,3,3,2002,2001,5,5
5622,5,2,1,1,1,4,2,3,1,2003,2002,5,2
5640,-3,4,-3,0,-3,-3,4,-3,2,-3,2004,-3,4
5646,4,4,1,1,1,4,4,2,2,2002,2001,4,4
5654,4,4,1,1,1,4,4,2,2,2003,2002,4,4
5661,4,4,1,1,1,4,4,2,2,2003,2001,4,4
5670,2,2,1,1,1,2,2,1,1,2004,2003,2,2
5671,4,2,1,1,1,4,2,2,1,2004,2003,4,2
5678,4,4,2,1,1,4,4,2,2,2003,2002,4,4
5683,7,7,3,1,1,7,7,7,7,2004,2004,7,7
5702,-3,4,-3,0,1,-3,4,-3,2,2002,2001,-3,4
5704,-3,5,-3,0,-3,-3,4,-3,3,-3,2005,-3,5
5707,-3,4,-3,0,-3,-3,4,-3,2,-3,2001,-3,4
5708,4,4,1,1,1,4,4,2,2,2003,2002,4,4
5714,4,4,1,1,1,4,4,2,2,2003,2002,4,4
5719,5,4,2,1,1,4,4,3,2,2003,2002,5,4
5728,4,4,1,1,1,4,4,2,2,2004,2003,4,4
5733,4,3,1,1,1,4,3,2,2,2002,2001,4,3
5734,5,4,2,1,1,4,4,3,2,2004,2003,5,4
5736,4,4,2,1,1,4,4,2,2,2002,2001,4,4
5739,4,4,1,1,1,4,4,2,2,2003,2002,4,4
5741,-3,4,-3,0,-3,-3,4,-3,2,-3,2002,-3,4
5759,4,4,1,1,1,4,4,2,2,2003,2002,4,4
5761,-3,4,-3,0,-3,-3,4,-3,2,-3,2007,-3,4
5762,-3,4,-3,0,-3,-3,4,-3,2,-3,2001,-3,4
5764,4,4,1,1,1,4,4,2,2,2002,2001,4,4
5766,6,6,1,1,1,6,6,3,3,2004,2003,5,5
5768,4,4,1,1,1,4,4,2,2,2002,2001,4,4
5778,-3,4,-3,0,-3,-3,4,-3,2,-3,2003,-3,4
5784,4,4,1,1,1,4,4,2,2,2003,2002,4,4
5794,-3,5,-3,0,1,-3,4,-3,3,2004,2002,-3,5
5834,5,5,1,1,1,4,4,3,3,2004,2003,5,5
5844,-3,4,-3,0,-3,-3,4,-3,2,-3,2002,-3,4
5854,5,5,1,1,1,4,4,3,3,2002,2001,5,5
5855,5,4,1,1,1,4,4,3,2,2003,2001,5,4
5863,4,4,1,1,1,4,4,2,2,2003,2001,4,4
5876,-3,3,-3,0,-3,-3,3,-3,2,-3,2001,-3,3
5880,3,3,1,1,1,3,3,2,2,2003,2002,3,3
5895,-3,3,-3,0,-3,-3,3,-3,2,-3,2002,-3,3
5898,-3,3,-3,0,1,-3,3,-3,2,2001,2001,-3,3
5909,3,3,2,1,1,3,3,2,2,2003,2002,3,3
5916,5,5,1,1,1,4,4,3,3,2003,2002,5,5
5925,5,5,1,1,1,4,4,3,3,2003,2002,5,5
5931,-3,5,-3,0,-3,-3,4,-3,3,-3,2002,-3,5
5936,2,2,1,1,1,2,2,1,1,2003,2002,2,2
5939,4,4,1,1,1,4,4,2,2,2004,2003,4,4
5950,5,4,1,1,1,4,4,3,2,2002,2001,5,4
5965,5,4,1,1,1,4,4,3,2,2003,2002,5,4
5973,4,4,1,1,1,4,4,2,2,2002,2001,4,4
5974,4,4,1,1,1,4,4,2,2,2002,2001,4,4
5976,4,3,1,1,1,4,3,2,2,2005,2003,4,3
5978,4,3,1,1,1,4,3,2,2,2004,2002,4,3
5987,-3,5,-3,0,-3,-3,4,-3,3,-3,2001,-3,5
6003,3,3,1,1,1,3,3,2,2,2003,2002,3,3
6013,-3,2,-3,0,-3,-3,2,-3,1,-3,2002,-3,2
6014,4,4,1,1,1,4,4,2,2,2003,2002,4,4
6023,2,2,1,1,1,2,2,1,1,2002,2001,2,2
6030,-3,4,-3,0,-3,-3,4,-3,2,-3,2001,-3,4
6042,4,4,1,1,1,4,4,2,2,2003,2001,4,4
6048,3,1,1,1,1,3,1,2,1,2004,2003,3,1
6056,-3,5,-3,0,-3,-3,4,-3,3,-3,2001,-3,5
6066,4,4,1,1,1,4,4,2,2,2004,2003,4,4
6075,-3,5,-3,0,1,-3,4,-3,3,2004,2002,-3,5
6088,-3,4,-3,0,1,-3,4,-3,2,2003,2002,-3,4
6099,3,3,2,1,1,3,3,2,2,2002,2001,3,3
6108,-3,4,-3,0,1,-3,4,-3,2,2003,2002,-3,4
6122,5,5,1,1,1,4,4,3,3,2002,2001,5,5
6131,-3,5,-3,0,-3,-3,4,-3,3,-3,2002,-3,5
6133,-3,4,-3,0,1,-3,4,-3,2,2002,2002,-3,4
6134,2,2,1,1,1,2,2,1,1,2003,2002,2,2
6135,-3,4,-3,0,1,-3,4,-3,2,2004,2002,-3,4
6137,4,4,1,1,1,4,4,2,2,2003,2002,4,4
6156,2,2,1,1,1,2,2,1,1,2003,2002,2,2
6164,5,4,1,1,1,4,4,3,2,2004,2003,5,4
6174,-3,4,-3,0,-3,-3,4,-3,2,-3,2002,-3,4
6179,-3,3,-3,0,-3,-3,3,-3,2,-3,2003,-3,3
6210,-3,2,-3,0,-3,-3,2,-3,1,-3,2001,-3,2
6211,4,4,1,1,1,4,4,2,2,2002,2001,4,4
6215,4,4,2,1,1,4,4,2,2,2002,2001,4,4
6221,4,4,1,1,1,4,4,2,2,2003,2002,4,4
6223,4,4,1,1,1,4,4,2,2,2001,2001,4,4
6226,4,4,1,1,1,4,4,2,2,2002,2001,4,4
6230,4,3,1,1,1,4,3,2,2,2004,2002,4,3
6234,1,1,1,1,1,1,1,1,1,2003,2002,1,1
6239,-3,7,-3,0,-3,-3,7,-3,7,-3,2003,-3,7
6241,3,3,1,1,1,3,3,2,2,2002,2001,3,3
6249,3,2,1,1,1,3,2,2,1,2002,2001,3,2
6252,4,4,1,1,1,4,4,2,2,2004,2002,4,4
6259,-3,3,-3,0,-3,-3,3,-3,2,-3,2002,-3,3
6260,4,4,1,1,1,4,4,2,2,2003,2001,4,4
6262,3,3,1,1,1,3,3,2,2,2004,2002,3,3
6263,2,2,1,1,1,2,2,1,1,2003,2002,2,2
6264,3,3,1,1,1,3,3,2,2,2003,2001,3,3
6271,4,4,1,1,1,4,4,2,2,2001,2001,4,4
6272,4,4,1,1,1,4,4,2,2,2003,2003,4,4
6274,4,1,1,1,1,4,1,2,1,2004,2003,4,1
6279,4,4,1,1,1,4,4,2,2,2002,2001,4,4
6287,3,3,1,1,1,3,3,2,2,2002,2001,3,3
6294,4,4,1,1,1,4,4,2,2,2003,2002,4,4
6297,-3,4,-3,0,1,-3,4,-3,2,2002,2001,-3,4
6301,-3,4,-3,0,-3,-3,4,-3,2,-3,2002,-3,4
6303,-3,4,-3,0,-3,-3,4,-3,2,-3,2002,-3,4
6310,-3,6,-3,0,-3,-3,6,-3,3,-3,2003,-3,5
6315,4,4,1,1,1,4,4,2,2,2004,2003,4,4
6316,4,4,1,1,1,4,4,2,2,2003,2002,4,4
6318,3,3,1,1,1,3,3,2,2,2002,2001,3,3
6323,4,4,1,1,1,4,4,2,2,2001,2001,4,4
6329,4,4,1,1,1,4,4,2,2,2003,2002,4,4
6330,4,4,1,1,1,4,4,2,2,2004,2002,4,4
6335,3,3,1,1,1,3,3,2,2,2002,2001,3,3
6343,2,2,2,1,1,2,2,1,1,2002,2001,2,2
6344,-3,4,-3,0,-3,-3,4,-3,2,-3,2002,-3,4
6352,4,3,1,1,1,4,3,2,2,2003,2003,4,3
6361,4,4,1,1,1,4,4,2,2,2003,2002,4,4
6365,3,1,1,1,1,3,1,2,1,2003,2002,3,1
6370,-3,4,-3,0,-3,-3,4,-3,2,-3,2003,-3,4
6375,4,2,1,1,1,4,2,2,1,2003,2002,4,2
6383,4,3,1,1,1,4,3,2,2,2004,2003,4,3
6385,4,3,1,1,1,4,3,2,2,2005,2003,4,3
6387,4,4,3,1,1,4,4,2,2,2006,2004,4,4
6397,6,6,1,1,1,6,6,3,3,2003,2002,5,5
6401,4,4,1,1,1,4,4,2,2,2005,2003,4,4
6403,4,1,1,1,1,4,1,2,1,2004,2003,4,1
6406,5,5,3,1,1,4,4,3,3,2005,2003,5,5
6409,-3,4,-3,0,-3,-3,4,-3,2,-3,2006,-3,4
6412,-3,4,-3,0,-3,-3,4,-3,2,-3,2001,-3,4
6421,5,5,1,1,1,4,4,3,3,2003,2002,5,5
6425,-3,3,-3,0,-3,-3,3,-3,2,-3,2002,-3,3
6426,2,2,2,1,1,2,2,1,1,2003,2002,2,2
6427,4,4,1,1,1,4,4,2,2,2004,2003,4,4
6429,6,3,1,1,1,6,3,3,2,2003,2002,5,3
6433,4,4,2,1,1,4,4,2,2,2004,2003,4,4
6437,4,4,1,1,1,4,4,2,2,2004,2003,4,4
6439,1,1,2,1,1,1,1,1,1,2003,2002,1,1
6448,4,4,1,1,1,4,4,2,2,2003,2002,4,4
6458,-3,4,-3,0,1,-3,4,-3,2,2004,2003,-3,4
6486,3,3,2,1,1,3,3,2,2,2002,2001,3,3
6488,4,4,1,1,1,4,4,2,2,2003,2002,4,4
6493,3,3,2,1,1,3,3,2,2,2002,2001,3,3
6495,-3,5,-3,0,-3,-3,4,-3,3,-3,2002,-3,5
6506,4,3,1,1,1,4,3,2,2,2003,2002,4,3
6508,-3,4,-3,0,-3,-3,4,-3,2,-3,2002,-3,4
6511,4,3,1,1,1,4,3,2,2,2003,2001,4,3
6512,4,4,1,1,1,4,4,2,2,2004,2004,4,4
6519,5,5,2,1,1,4,4,3,3,2002,2002,5,5
6539,5,5,3,1,1,4,4,3,3,2005,2004,5,5
6541,4,4,1,1,1,4,4,2,2,2002,2001,4,4
6548,4,4,1,1,1,4,4,2,2,2003,2002,4,4
6550,4,4,1,1,1,4,4,2,2,2003,2001,4,4
6555,6,6,1,1,1,6,6,3,3,2003,2002,5,5
6563,6,6,1,1,1,6,6,3,3,2002,2002,5,5
6566,6,6,1,1,1,6,6,3,3,2003,2002,5,5
6577,-3,6,-3,0,-3,-3,6,-3,3,-3,2002,-3,5
8742,1,1,2,1,1,1,1,1,1,2002,2001,1,1
8752,-3,4,-3,0,1,-3,4,-3,2,2003,2001,-3,4
8758,-3,5,-3,0,-3,-3,4,-3,3,-3,2002,-3,5
8769,3,3,2,1,1,3,3,2,2,2002,2001,3,3
8790,-3,3,-3,0,1,-3,3,-3,2,2004,2002,-3,3
8796,-3,3,-3,0,1,-3,3,-3,2,2005,2004,-3,3
8813,2,1,2,1,1,2,1,1,1,2003,2002,2,1
8814,3,2,2,1,1,3,2,2,1,2003,2002,3,2
8837,5,4,1,1,1,4,4,3,2,2004,2003,5,4
8840,5,4,1,1,1,4,4,3,2,2002,2001,5,4
8850,3,3,1,1,1,3,3,2,2,2003,2002,3,3
8870,-3,2,-3,0,1,-3,2,-3,1,2004,2002,-3,2
8879,4,4,1,1,1,4,4,2,2,2002,2001,4,4
8881,4,4,1,1,1,4,4,2,2,2002,2001,4,4
8887,-3,6,-3,0,-3,-3,6,-3,3,-3,2001,-3,5
8889,3,1,1,1,1,3,1,2,1,2002,2001,3,1
8893,-3,3,-3,0,1,-3,3,-3,2,2005,2003,-3,3
8902,4,4,1,1,1,4,4,2,2,2003,2001,4,4
8904,4,4,1,1,1,4,4,2,2,2004,2002,4,4
8909,4,3,1,1,1,4,3,2,2,2004,2003,4,3
8916,-3,2,-3,0,-3,-3,2,-3,1,-3,2001,-3,2
8919,4,4,2,1,1,4,4,2,2,2003,2002,4,4
8925,3,3,1,1,1,3,3,2,2,2002,2001,3,3
8946,-3,4,-3,0,-3,-3,4,-3,2,-3,2003,-3,4
8949,4,4,1,1,1,4,4,2,2,2003,2002,4,4
8979,4,4,1,1,1,4,4,2,2,2003,2002,4,4
8987,3,1,1,1,1,3,1,2,1,2003,2002,3,1
9012,-3,6,-3,0,1,-3,6,-3,3,2005,2003,-3,5
