"","b0","b1","b2","R2","NumObservations"
"1",-150994.382052173,39152.4264117562,612269.468090833,0.306138224092959,3
"2",-71612.0095169906,19743.4363269042,309433.655106367,0.0687298989316131,4
"3",-27625.0272826501,8988.61917060795,141627.716580582,0.134919926249228,5
"4",NA,NA,NA,NA,NA
"5",-306748.130265505,77234.2178499159,1206454.44214987,0.969949296489927,3
"6",NA,NA,NA,NA,NA
"7",-291982.584270387,73624.0418541097,1150125.3607331,0.763400338378818,4
"8",-79017.2626190995,21554.0207103698,337683.955165603,0.601674463843579,3
"9",-217608.423194621,55439.5594710849,866395.37364516,0.931964625411702,7
"10",NA,NA,NA,NA,NA
"11",NA,NA,NA,NA,NA
"12",-36289.667839849,11107.1237868431,174682.45384224,0.0795056555810124,3
"13",NA,NA,NA,NA,NA
"14",NA,NA,NA,NA,NA
"15",38684.5371507095,-7224.06933334848,-111336.640776242,0.126575915886387,3
"16",-258266.928589091,65380.5640400328,1021503.50587452,0.96148076000751,8
"17",-298355.001974469,75182.0979827576,1174435.4970324,0.98704802020794,3
"18",-455936.953232375,113710.885065316,1775594.88288619,0.974199255741353,3
"19",NA,NA,NA,NA,NA
"20",NA,NA,NA,NA,NA
"21",-73259.9608578188,20146.3604297367,315720.424676493,0.871643599530836,5
"22",-123624.178127275,32460.4115521186,507854.87713774,0.546440260074745,4
"23",NA,NA,NA,NA,NA
"24",-696506.474983197,172530.133133392,2693343.5514134,0.968703079878683,3
"25",NA,NA,NA,NA,NA
"26",-561457.025580923,139510.542754536,2178143.40688866,0.920851204755528,3
"27",NA,NA,NA,NA,NA
"28",-257495.584012376,65191.970291026,1018560.90344881,0.883625611067412,7
"29",NA,NA,NA,NA,NA
"30",NA,NA,NA,NA,NA
"31",7296.67063409124,450.264029964692,8404.93119800532,0.00908912812604363,5
"32",-447445.665383087,111634.765186165,1743201.46886994,0.975881886522659,3
"33",-191470.034254265,49048.7233751677,766680.033676594,0.570079480514548,6
"34",26737.3312672717,-4302.97749484793,-65759.2450515148,0.00464602447103467,4
"35",-1014881.64833323,250372.863017474,3907913.00022643,0.960218014715781,3
"36",NA,NA,NA,NA,NA
"37",-308956.943995715,77774.2728069523,1214880.84564925,0.851472882639879,4
"38",-511899.266737457,127393.670717308,1989085.51267673,0.952791190981578,5
"39",NA,NA,NA,NA,NA
"40",NA,NA,NA,NA,NA
"41",-354487.598677333,88906.5178766078,1388575.74019416,0.968038714350012,4
"42",-203481.269582693,51985.4704129683,812501.695331014,0.854929130427381,3
"43",-207672.864142431,53010.3152828243,828492.209416959,0.958806339304737,6
"44",-352685.317802642,88465.8602027461,1381700.2188853,0.895733835191491,5
"45",-5687.97122663973,3625.00896491341,57940.0414325079,0.00232745956492558,3
"46",NA,NA,NA,NA,NA
"47",-243634.670754451,61802.9769994634,965682.905461156,0.98927411396144,4
"48",NA,NA,NA,NA,NA
"49",-244966.069414815,62128.5039719224,970762.058210579,0.803080678421318,4
"50",NA,NA,NA,NA,NA
"51",-320351.964137178,80560.35523154,1258351.70798692,0.677847026596308,4
"52",NA,NA,NA,NA,NA
"53",-163361.345240984,42176.1489114206,659448.19595983,0.973686743724716,6
"54",-202821.512150652,51824.1597208345,809984.786703523,0.798776367991076,5
"55",-207896.088801441,53064.8937119523,829343.789168617,0.826308074041574,7
"56",NA,NA,NA,NA,NA
"57",-344504.700722223,86465.6993265835,1350491.98278521,0.277816477194832,6
"58",NA,NA,NA,NA,NA
"59",-428382.174104844,106973.741568634,1670476.15599257,0.98183084270755,3
"60",NA,NA,NA,NA,NA
"61",-308869.762611443,77752.9569584978,1214548.25738639,0.440145748311366,5
"62",-463545.362251706,115571.141070542,1804620.20245403,0.904377984469429,7
"63",-65155.8629544889,18164.9084923725,284804.10158508,0.772862132909881,3
"64",NA,NA,NA,NA,NA
"65",-236556.192389613,60072.2890392605,938679.218347136,0.693032150888537,6
"66",-284561.096749377,71809.4881552227,1121813.1279892,0.858204729438736,5
"67",NA,NA,NA,NA,NA
"68",-471002.161191118,117394.328411228,1833067.144728,0.98100804011642,3
"69",-84170.4807724308,22813.9825488593,357342.967098746,0.431416429242193,6
"70",82644.7864549516,-17972.3502882357,-279040.595846995,0.636342434930818,3
"71",-101808.497462545,27126.4776295923,424630.236969864,0.775839001948722,6
"72",-286054.902093974,72174.7235619768,1127511.8459983,0.89089904187514,3
"73",-61747.8317309908,17331.6448582273,271802.803270557,0.120000481951271,3
"74",NA,NA,NA,NA,NA
"75",-152020.468219426,39403.3044796497,616183.884210289,0.45821439732851,5
"76",NA,NA,NA,NA,NA
"77",-144779.703836917,37632.9375881261,588561.092167453,0.98663325770702,5
"78",-118810.415653206,31283.4466272089,489490.854675416,0.495134494310308,4
"79",-371412.767843799,93044.7217378088,1453143.56804731,0.780263722308775,5
"80",NA,NA,NA,NA,NA
"81",-539372.294654967,134110.82604314,2093892.36687924,0.968904152512791,5
"82",-160455.203957681,41465.5973676529,648361.557578156,0.698118350814565,7
"83",-187919.093266622,48180.518303689,753133.548902836,0.739316315953544,6
"84",-343476.549109132,86214.3162571827,1346569.68719643,0.943476868697741,4
"85",-333468.914422712,83767.4495763531,1308391.5616312,0.896099497260989,5
"86",-1171525.05799586,288672.176679987,4505491.94374839,0.996652092493243,3
"87",NA,NA,NA,NA,NA
"88",NA,NA,NA,NA,NA
"89",NA,NA,NA,NA,NA
"90",-302627.921275052,76226.8267517502,1190736.2568722,0.949983146635955,6
"91",-297992.039855657,75093.3537447081,1173050.83284535,0.975646047974814,4
"92",-139504.379796526,36343.1208602505,568436.258485765,0.751377224103375,3
"93",NA,NA,NA,NA,NA
"94",-52210.4728489179,14999.7606115604,235418.732871337,0.138142513674782,5
"95",-345807.907665533,86784.3334242228,1355463.58695324,0.959611934629502,4
"96",-423643.092886957,105815.036210861,1652397.03505445,0.992618299171809,4
"97",-381774.443552259,95578.1514485274,1492672.32470751,0.966282901217178,4
"98",54015.7915287213,-10972.5610287724,-169823.843102919,0.634214322242182,4
"99",NA,NA,NA,NA,NA
"100",-333094.306538295,83675.8579486131,1306962.47001294,0.509421457236338,8
"101",-506880.056562017,126166.473829413,1969937.72777844,0.966022879864635,4
"102",-75511.3582361549,20696.8270887399,324309.280535107,0.534637240816788,5
"103",-123895.37158377,32526.7183522317,508889.453054924,0.941652208301595,6
"104",-384210.176508774,96173.6881563952,1501964.40236332,0.986476331620181,4
"105",25673.2889538451,-4042.81914921514,-61700.0300300239,0.743315550403627,3
"106",NA,NA,NA,NA,NA
"107",-26246.9048971507,8651.66824735334,136370.31749214,0.195652417128104,4
"108",-247007.049912688,62627.5237036522,978548.194711913,0.998834803131179,3
"109",-203066.550259949,51884.0715385576,810919.582586681,0.970850605954393,6
"110",NA,NA,NA,NA,NA
"111",-72414.7175935173,19939.698451615,312495.906147509,0.74181758153577,7
"112",NA,NA,NA,NA,NA
"113",NA,NA,NA,NA,NA
"114",-81567.5149358532,22177.5574018161,347412.912728786,0.142282850005612,7
"115",NA,NA,NA,NA,NA
"116",NA,NA,NA,NA,NA
"117",-197001.528761353,50401.1737821508,787782.132071686,0.927883911952577,4
"118",-196458.001842866,50268.2814505807,785708.631230349,0.898066103487484,6
"119",25855.3114284145,-4087.32364424734,-62394.4275682584,0.319287785360198,5
"120",NA,NA,NA,NA,NA
"121",NA,NA,NA,NA,NA
"122",NA,NA,NA,NA,NA
"123",-85001.0936117611,23017.0673880756,360511.672019507,0.442885699840797,5
"124",NA,NA,NA,NA,NA
"125",-170394.554950227,43895.7686853305,686279.187679621,0.960931344872285,7
"126",-519495.506184573,129250.951262128,2018064.40654353,0.988261390658617,3
"127",-13838.6657862499,5617.85378473809,89034.1261079646,0.030611636643901,3
"128",-51361.8648314388,14792.2759512868,232181.378145456,0.131189887208116,4
"129",NA,NA,NA,NA,NA
"130",-439694.676228782,109739.648337937,1713632.22034518,0.989222550845028,5
"131",-106548.375922449,28285.3779130388,442712.39930655,0.354133057336182,4
"132",-83429.5096913828,22632.8151195431,354516.236521656,0.266472274331646,6
"133",-602624.582885857,149576.010515592,2335193.52125126,0.985771752244125,4
"134",-133510.137493371,34877.5286171292,545568.823523462,0.702698340456453,7
"135",-663429.980355093,164442.93019682,2567160.03205664,0.997270204364755,6
"136",-250836.278918315,63563.7701955279,993156.320445478,0.966141954120747,4
"137",NA,NA,NA,NA,NA
"138",NA,NA,NA,NA,NA
"139",-21418.6289689384,7471.15478290544,117950.927653603,0.108074897936601,3
"140",-306327.826150364,77131.4534937641,1204851.02398103,0.800077917816878,3
"141",NA,NA,NA,NA,NA
"142",NA,NA,NA,NA,NA
"143",-221553.806150468,56404.2056037894,881446.615083421,0.86455539784696,5
"144",-191786.376673222,49126.0690966027,767886.848370674,0.765740096504165,3
"145",NA,NA,NA,NA,NA
"146",-149744.087509775,38846.7293961401,607499.719441042,0.639335652949219,6
"147",NA,NA,NA,NA,NA
"148",NA,NA,NA,NA,NA
"149",NA,NA,NA,NA,NA
"150",-307355.108092234,77382.6239285513,1208770.00186107,0.8167621708053,4
"151",NA,NA,NA,NA,NA
"152",-463059.767458663,115452.413143643,1802767.70687805,0.979606646095181,7
"153",-154501.83209777,40009.9979479048,625650.039269783,0.421950691133702,3
"154",NA,NA,NA,NA,NA
"155",-94529.2625950153,25346.7047044812,396860.683873724,0.910991796088955,3
"156",-160158.568361718,41393.06996444,647229.922443117,0.634960059739182,4
"157",NA,NA,NA,NA,NA
"158",-338586.59517876,85018.7225212069,1327915.00194745,0.941693115982656,3
"159",NA,NA,NA,NA,NA
"160",NA,NA,NA,NA,NA
"161",-677079.432021577,167780.221129275,2619231.32521911,0.988982425199163,4
"162",NA,NA,NA,NA,NA
"163",NA,NA,NA,NA,NA
"164",NA,NA,NA,NA,NA
"165",NA,NA,NA,NA,NA
"166",-226850.389148974,57699.2201469242,901652.549564423,0.953881721400344,3
"167",-117664.911067942,31003.3707561118,485120.869233092,0.689520069791023,6
"168",-31098.8866861102,9837.97779475396,154880.142818842,0.0843676740393091,3
"169",NA,NA,NA,NA,NA
"170",NA,NA,NA,NA,NA
"171",-310988.933702866,78271.0942903507,1222632.68318306,0.988225222341287,7
"172",-292880.585087953,73843.6030540046,1153551.14405203,0.958265347981555,4
"173",-4189.58306927388,3258.65306043746,52223.8404509729,0.000221357903899218,3
"174",-270452.08217756,68359.8340924134,1067988.64829917,0.947823238020698,5
"175",-318513.919843059,80110.9534016279,1251339.75280928,0.451647890238614,6
"176",NA,NA,NA,NA,NA
"177",NA,NA,NA,NA,NA
"178",NA,NA,NA,NA,NA
"179",-238534.083475671,60555.8834098015,946224.675051337,0.932224950762794,6
"180",NA,NA,NA,NA,NA
"181",NA,NA,NA,NA,NA
"182",NA,NA,NA,NA,NA
"183",-346597.713272223,86977.4408950585,1358476.6163622,0.982245048026743,3
"184",-288778.847082072,72840.7281115665,1137903.42373339,0.901557690428513,5
"185",NA,NA,NA,NA,NA
"186",-439193.934117342,109617.21689169,1711721.93926425,0.98350872646603,6
"187",NA,NA,NA,NA,NA
"188",NA,NA,NA,NA,NA
"189",NA,NA,NA,NA,NA
"190",-1022002.93625006,252114.01791314,3935080.00150036,0.964212894439431,3
"191",NA,NA,NA,NA,NA
"192",-360138.032159244,90288.0488629353,1410131.5788843,0.783582951351343,5
"193",-232638.661267238,59114.4526798397,923734.228868387,0.769826042074813,4
"194",-277882.46465961,70176.5626092745,1096334.81442994,0.895519592776007,4
"195",-259751.846577405,65743.6264881756,1027168.31950814,0.957702510381122,7
"196",-79335.824321251,21631.9090465459,338899.23620314,0.140313482680755,4
"197",-84963.7603652199,23007.9394092963,360369.249417278,0.150194157260835,3
"198",-242482.206576748,61521.1995080148,961286.369869634,0.911669289784271,5
"199",-393707.52939145,98495.7909362096,1538195.85387544,0.920243848363038,4
"200",-267641.882855273,67672.7403581141,1057268.01890458,0.964665051735507,5
"201",NA,NA,NA,NA,NA
"202",-58348.7333463269,16500.5653031769,258835.582842902,0.140421492699403,6
"203",-3771.01425542344,3156.31298545103,50627.0422830149,0.0016465309907728,5
"204",-215453.55288528,54912.6936804509,858174.758902053,0.985543789157623,5
"205",-224469.488717377,57117.0899913987,892569.652507922,0.982184343387188,5
"206",-4409.87330502964,3312.51402307975,53064.2256713576,0.026898573505712,4
"207",NA,NA,NA,NA,NA
"208",-385592.930515659,96511.7715110785,1507239.47062419,0.967599376826775,3
"209",NA,NA,NA,NA,NA
"210",NA,NA,NA,NA,NA
"211",-530338.443961306,131902.049548539,2059429.12986799,0.969248763452676,6
"212",-234869.81048715,59659.9686641081,932245.840027428,0.890834083134202,4
"213",-169895.063921173,43773.6431287267,684373.679352882,0.9167311737578,5
"214",NA,NA,NA,NA,NA
"215",NA,NA,NA,NA,NA
"216",NA,NA,NA,NA,NA
"217",-440493.643756841,109934.995898548,1716680.20156797,0.981861376252027,3
"218",NA,NA,NA,NA,NA
"219",-450833.596956036,112463.114455751,1756126.08902758,0.936255997951688,4
"220",NA,NA,NA,NA,NA
"221",-293723.292889226,74049.6451114158,1156765.99004311,0.99571409464661,4
"222",NA,NA,NA,NA,NA
"223",NA,NA,NA,NA,NA
"224",-663331.848223968,164418.93689076,2566785.66778962,0.782349723376339,3
"225",NA,NA,NA,NA,NA
"226",-60681.3732500558,17070.8957596386,267734.370811638,0.985869358453619,3
"227",NA,NA,NA,NA,NA
"228",NA,NA,NA,NA,NA
"229",NA,NA,NA,NA,NA
"230",-976211.557268726,240918.025752204,3760390.46982446,0.93052831968876,4
"231",-207490.314832606,52965.6819765721,827795.802054908,0.870936567233407,7
"232",-158114.648771987,40893.3316247507,639432.573600252,0.940480460552596,5
"233",-217556.841305937,55426.9476993016,866198.593898019,0.688716467303628,7
"234",-263121.363019621,66567.4732582972,1040022.68778355,0.970129944444499,6
"235",-234908.517696264,59669.4325767367,932393.504159479,0.750026962015067,3
"236",-286468.344254396,72275.8101701999,1129089.0864961,0.916274399898905,3
"237",-213179.047600735,54356.5771383797,849497.748692044,0.906990197781244,7
"238",NA,NA,NA,NA,NA
"239",-75869.1077947695,20784.2968558211,325674.059326266,0.297657435709656,3
"240",NA,NA,NA,NA,NA
"241",-166549.63869453,42955.6866608126,671611.216655763,0.450155671113537,5
"242",NA,NA,NA,NA,NA
"243",-297916.454043224,75074.8730135683,1172762.4805295,0.946506454514127,4
"244",-180500.310268154,46366.6258605636,724831.63364198,0.774324671767625,3
"245",-129044.277968739,33785.6259633567,528532.016022943,0.876912203907483,5
"246",NA,NA,NA,NA,NA
"247",NA,NA,NA,NA,NA
"248",-406031.182801533,101508.924194975,1585209.35926957,0.991548885673202,4
"249",NA,NA,NA,NA,NA
"250",-1094838.54820013,269922.325034931,4212940.57752867,0.957260036967423,4
"251",NA,NA,NA,NA,NA
"252",223272.963749004,-52355.9396366315,-815523.029406076,0.865578825976879,3
"253",-403545.867445925,100901.264590529,1575728.12971946,0.989997828476808,4
"254",NA,NA,NA,NA,NA
"255",-115581.56772665,30493.9933091659,477173.122720397,0.936799694474167,4
"256",-116692.74450104,30765.6760305042,481412.150997016,0.382361032473734,6
"257",-349940.617441618,87794.7809644755,1371229.46147803,0.903266028374899,6
"258",-241977.590902056,61397.8209755528,959361.311532255,0.56447594200501,4
"259",-291821.310218657,73584.6103484617,1149510.11635316,0.987421466136927,4
"260",NA,NA,NA,NA,NA
"261",NA,NA,NA,NA,NA
"262",NA,NA,NA,NA,NA
"263",-21501.6085116516,7491.44328109881,118267.4863111,0.0732619225089186,7
"264",-117499.145515618,30962.8410785686,484488.490227531,0.864853052109743,6
"265",68961.4919835601,-14626.7847899805,-226840.195768084,0.492830297886694,3
"266",-1020953.61147718,251857.45800617,3931076.93242429,0.945638420397893,3
"267",-462512.060540418,115318.498802132,1800678.25975564,0.834025889775843,3
"268",-140023.564849019,36470.0616055853,570416.897542525,0.366707241618015,4
"269",-32972.8281760256,10296.1564890383,162029.04220872,0.0505640315615828,4
"270",-60514.7624017918,17030.1594072381,267098.767086596,0.588690115855674,6
"271",-37170.9961818662,11322.6085664663,178044.633334202,0.602002486108465,3
"272",2076.21254224993,1726.66603341989,28320.4567725707,0.00064541085119972,3
"273",NA,NA,NA,NA,NA
"274",-156800.677855254,40572.0657356096,634419.905950008,0.963323926986088,7
"275",NA,NA,NA,NA,NA
"276",NA,NA,NA,NA,NA
"277",NA,NA,NA,NA,NA
"278",-210721.962247551,53755.8197695263,840124.213778184,0.834268952982665,5
"279",-66768.5119614387,18559.2011745718,290956.196281692,0.0940177860401885,5
"280",-71633.8668258873,19748.7804389295,309517.038554078,0.157218127753133,7
"281",-289254.575645771,72957.0437453909,1139718.28063105,0.964847885584764,4
"282",-351893.193579138,88272.1858300992,1378678.34418505,0.715057428846088,5
"283",NA,NA,NA,NA,NA
"284",-487734.948888875,121485.49500333,1896901.05651617,0.97684386084397,5
"285",-974515.923394099,240503.443269857,3753921.79615615,0.736980502211586,4
"286",NA,NA,NA,NA,NA
"287",NA,NA,NA,NA,NA
"288",-302049.662309977,76085.4424347893,1188530.25674633,0.93394955734149,5
"289",-624772.282960702,154991.123183892,2419684.78226678,0.845677034996817,4
"290",-463918.575489735,115662.39170724,1806043.97363579,0.911895562628377,5
"291",NA,NA,NA,NA,NA
"292",-395682.091831975,98978.5714529179,1545728.6121298,0.910560727487605,3
"293",NA,NA,NA,NA,NA
"294",-122994.20694003,32306.3835968372,505451.600055519,0.566177839303529,4
"295",-221241.268333215,56327.790107471,880254.31456438,0.879842229817488,4
"296",-344035.17784735,86350.9009836771,1348700.79996986,0.933810251721642,3
"297",-601896.288559971,149397.942552913,2332415.15122743,0.812065946860651,3
"298",NA,NA,NA,NA,NA
"299",-779255.131483314,192762.17964767,3009021.40109569,0.884851349744771,5
"300",NA,NA,NA,NA,NA
"301",-62363.8421615395,17482.2594084964,274152.821462057,0.550653166028574,4
"302",NA,NA,NA,NA,NA
"303",NA,NA,NA,NA,NA
"304",NA,NA,NA,NA,NA
"305",-242020.372120386,61408.2809834343,959524.51760206,0.985110674853191,6
"306",NA,NA,NA,NA,NA
"307",-167731.63649252,43244.6851224211,676120.420055314,0.315908359125811,7
"308",-49896.7497371597,14434.0553107356,226592.110572291,0.658722837200995,6
"309",NA,NA,NA,NA,NA
"310",-120951.770269468,31807.0078308848,497659.908400992,0.574423106789228,3
"311",-447633.973041277,111680.806408592,1743919.84375517,0.873683817892921,5
"312",NA,NA,NA,NA,NA
"313",-435529.025288392,108721.146683012,1697740.67857269,0.85924429471752,4
"314",-152487.115346779,39517.3997022874,617964.096336427,0.635223940221023,7
"315",-304368.66049335,76652.4374906241,1197377.00291608,0.942874944862122,3
"316",-265909.441985085,67249.1585653533,1050658.9302289,0.938629314363753,4
"317",-245063.209135042,62152.2546335178,971132.636529273,0.995451047652714,3
"318",NA,NA,NA,NA,NA
"319",11632.989145246,-609.965846012635,-8137.69029019878,0.00951413420924772,7
"320",4676.67479243689,1090.85301324918,18399.9533343325,0.00168808381950956,7
"321",NA,NA,NA,NA,NA
"322",-240545.494792438,61047.6734767512,953898.008083673,0.869682174807362,5
"323",-467124.403915328,116446.216757298,1818273.88849658,0.993621570866495,3
"324",NA,NA,NA,NA,NA
"325",-565062.805656829,140392.155983095,2191899.09730024,0.433514161547319,5
"326",NA,NA,NA,NA,NA
"327",-672368.878332833,166628.490752378,2601261.03395193,0.901238963517452,6
"328",NA,NA,NA,NA,NA
"329",3130.50750351794,1468.89091538986,24298.4269248294,0.0108109270369347,7
"330",NA,NA,NA,NA,NA
"331",NA,NA,NA,NA,NA
"332",-252965.098993355,64084.2667038754,1001277.55614975,0.927181579550613,5
"333",-172459.071055464,44400.5428730609,694155.110169489,0.860426747002451,5
"334",NA,NA,NA,NA,NA
"335",-285857.874511021,72126.5503179447,1126760.20547209,0.96549020638511,3
"336",-178791.50340861,45948.8225834051,718312.706353505,0.992306878942859,3
"337",NA,NA,NA,NA,NA
"338",-336982.573116409,84626.5391269621,1321795.81818179,0.602906561633433,3
"339",-211825.609322276,54025.6614792966,844334.517003552,0.343775518555397,6
"340",-76822.1030158732,21017.304187381,329309.640795255,0.495547845980724,4
"341",-286933.127007895,72389.4495534303,1130862.18622242,0.985244640707109,4
"342",-12984.7143644328,5409.06266210382,85776.3868288747,0.0136969282069692,4
"343",-107789.429457372,28588.8155023276,447446.89443693,0.465891337588666,4
"344",-227177.310152209,57779.152332215,902899.720499661,0.988682962597838,7
"345",-358246.448758281,89825.5567213998,1402915.37736797,0.987492277963269,6
"346",-283675.396760861,71592.9345080304,1118434.27110301,0.753734085256164,6
"347",NA,NA,NA,NA,NA
"348",-449703.351228935,112186.769375475,1751814.31460326,0.442352174112705,7
"349",NA,NA,NA,NA,NA
"350",103602.663154489,-23096.5511412725,-358992.79966806,0.7101627170619,3
"351",-146949.880236758,38163.5457178874,596840.098115209,0.919017880579006,3
"352",NA,NA,NA,NA,NA
"353",-188734.590077458,48379.9072739386,756244.587686496,0.491692548274939,3
"354",-494089.923624393,123039.286326164,1921144.6496347,0.934070630207046,4
"355",-188933.911763732,48428.6414262326,757004.979987463,0.885005841162238,5
"356",-104389.931481438,27757.6382472116,434478.149608538,0.836030857577957,3
"357",-516287.269597592,128466.537416611,2005825.30478785,0.890688528766325,5
"358",NA,NA,NA,NA,NA
"359",-202011.236038409,51626.047211391,806893.664362926,0.984375555498913,5
"360",NA,NA,NA,NA,NA
"361",NA,NA,NA,NA,NA
"362",14721.7364054151,-1365.164551124,-19920.9522130181,0.333673920509541,4
"363",NA,NA,NA,NA,NA
"364",NA,NA,NA,NA,NA
"365",-180352.501745915,46330.4866768762,724267.758910491,0.902858386518713,4
"366",-186627.439923227,47864.7090612291,748206.02056312,0.883355195789402,6
"367",NA,NA,NA,NA,NA
"368",NA,NA,NA,NA,NA
"369",NA,NA,NA,NA,NA
"370",NA,NA,NA,NA,NA
"371",-225454.099201699,57357.8272548155,896325.843044563,0.676845792728149,3
"372",-25088.6087801829,8368.46484675473,131951.53363552,0.383226976012181,4
"373",-405879.518293483,101471.842222756,1584630.77433781,0.920023475397798,6
"374",NA,NA,NA,NA,NA
"375",-193189.384595287,49469.1045335477,773239.183292561,0.883697307186629,5
"376",NA,NA,NA,NA,NA
"377",-145649.749100746,37845.6636551324,591880.227844436,0.811413735575329,6
"378",NA,NA,NA,NA,NA
"379",60096.5564820275,-12459.3080598557,-193021.353323287,0.16791814735527,3
"380",-246286.733817094,62451.4064182795,975800.260838832,0.866288342815629,7
"381",-214345.592992531,54641.7974866739,853948.002707207,0.810550514319654,7
"382",-34027.6406335607,10554.0581349056,166053.046252971,0.243824919082662,3
"383",-173339.926795989,44615.9121016193,697515.486734018,0.707610931437924,5
"384",-126819.378934942,33241.6381495934,520044.248698911,0.731524472873891,6
"385",-219473.287539618,55895.5188034365,873509.644634887,0.967525705461844,5
"386",NA,NA,NA,NA,NA
"387",-152067.014519218,39414.6850499487,616361.453689364,0.825841809132583,7
"388",-110009.638957515,29131.6567251123,455916.771659022,0.872213420665911,4
"389",-106641.984798597,28308.2652832569,443069.507808167,0.760566574212552,5
"390",-380388.351756068,95239.2520043585,1487384.52311422,0.975290925732554,3
"391",NA,NA,NA,NA,NA
"392",NA,NA,NA,NA,NA
"393",-240868.598937881,61126.6724403119,955130.618088122,0.854069214040587,5
"394",NA,NA,NA,NA,NA
"395",-102161.055170649,27212.6779892237,425975.20937051,0.818965134968602,4
"396",-163670.807081454,42251.8123314156,660628.76193504,0.493828508077989,4
"397",NA,NA,NA,NA,NA
"398",NA,NA,NA,NA,NA
"399",NA,NA,NA,NA,NA
"400",NA,NA,NA,NA,NA
"401",-222339.291356198,56596.2567365905,884443.162594761,0.953338900649895,6
"402",-110560.62489081,29266.3727858031,458018.727895953,0.635655005588544,8
"403",-61797.1086495379,17343.693064812,271990.789787122,0.945012096298803,3
"404",-63375.6140599609,17729.6376376604,278012.630077345,0.132139460433186,5
"405",-336779.748138374,84576.9484198324,1321022.06117308,0.96489793822003,5
"406",-100881.443398682,26899.8129109778,421093.618421632,0.347320704138286,5
"407",NA,NA,NA,NA,NA
"408",-141270.729619039,36774.9933918549,575174.70642367,0.922011145755121,5
"409",-81553.4247510166,22174.1123516236,347359.160082653,0.670762818323391,4
"410",NA,NA,NA,NA,NA
"411",NA,NA,NA,NA,NA
"412",-249153.254181335,63152.2706473364,986735.749376375,0.90409544054329,6
"413",NA,NA,NA,NA,NA
"414",-256322.344875959,64905.113322172,1014085.1134673,0.931586791328129,3
"415",-444681.177358657,110958.847864192,1732655.22350554,0.787638497406985,4
"416",NA,NA,NA,NA,NA
"417",41025.590705864,-7796.45692758374,-120267.5259838,0.857145024530619,3
"418",-163202.16483927,42137.2293032014,658840.93864533,0.662540147794651,4
"419",-275415.966049103,69573.5036990056,1086925.36888072,0.9048854474528,5
"420",-72105.5433882788,19864.1053584342,311316.437471945,0.0699560910604047,3
"421",-329401.653866692,82773.0043704062,1292875.36933604,0.965145157578209,4
"422",-239364.315420441,60758.8751202978,949391.92689744,0.789902985436911,6
"423",NA,NA,NA,NA,NA
"424",NA,NA,NA,NA,NA
"425",NA,NA,NA,NA,NA
"426",-32665.3151574071,10220.969555986,160855.910793992,0.114052727251248,7
"427",-29747.2129837387,9507.4935745241,149723.642811665,0.0172362977553363,3
"428",-161147.992537626,41634.9841754496,651004.47673179,0.504261776464301,3
"429",NA,NA,NA,NA,NA
"430",-99997.4388851291,26683.6738074141,417721.229602879,0.984851698751917,3
"431",-135682.571978079,35408.6888486404,553856.443839175,0.669759769933745,7
"432",-347012.117262546,87078.7626706925,1360057.52614489,0.959109455296022,6
"433",-10742.398279262,4860.81637927955,77222.1751955565,0.195461617128769,3
"434",-183977.492072606,47216.7968117522,738096.734507784,0.909587386654101,3
"435",NA,NA,NA,NA,NA
"436",NA,NA,NA,NA,NA
"437",-242620.214497554,61554.9424446518,961812.856286717,0.901260154259312,7
"438",-74019.5836595061,20332.0882047492,318618.30970265,0.166528736547402,3
"439",-58729.6430487106,16593.6977254097,260288.715266526,0.316385007349341,3
"440",-138972.793962027,36213.1481237157,566408.311685739,0.90951540588147,5
"441",-91739.6256861116,24664.6384802543,386218.498029947,0.978114896847194,4
"442",NA,NA,NA,NA,NA
"443",-182600.530905379,46880.1298063652,732843.765350931,0.870386749235799,5
"444",NA,NA,NA,NA,NA
"445",-265729.477197597,67205.1571748124,1049972.38256111,0.946039238592731,6
"446",-85466.1584110443,23130.7757315003,362285.847722293,0.868149299857152,3
"447",6353.71381124137,680.816973151485,12002.2171814953,0.00475662416829502,5
"448",NA,NA,NA,NA,NA
"449",28153.8367116412,-4649.31307599626,-71163.0716712398,0.0449446903059036,3
"450",-239012.933777046,60672.9623084877,948051.441066052,0.781021794605461,5
"451",-155862.121415886,40342.588686184,630839.406989462,0.910591251655676,4
"452",-173756.89719684,44717.8613646275,699106.187116226,0.506869461375762,6
"453",-261658.535010189,66209.8118099911,1034442.14521037,0.877525277829391,3
"454",NA,NA,NA,NA,NA
"455",-466820.578395537,116371.931417709,1817114.82452113,0.99054283604097,4
"456",-331902.926216736,83384.5654599919,1302417.47322423,0.887326058372308,4
"457",-62568.5252078642,17532.3044133228,274933.666815481,0.318727369725481,6
"458",6821.04319081632,566.55493984541,10219.4023313548,0.0126403344214349,5
"459",-349997.176348415,87808.6096171874,1371445.22805157,0.972819516376818,5
"460",NA,NA,NA,NA,NA
"461",NA,NA,NA,NA,NA
"462",-992876.804646146,244992.678735983,3823966.72204458,0.947487099348078,5
"463",NA,NA,NA,NA,NA
"464",NA,NA,NA,NA,NA
"465",NA,NA,NA,NA,NA
"466",-315693.027759055,79421.2452870889,1240578.33159802,0.654146931396132,4
"467",-232244.93392511,59018.1863446894,922232.198430903,0.727819277907242,6
"468",NA,NA,NA,NA,NA
"469",NA,NA,NA,NA,NA
"470",-151184.338262926,39198.8707052853,612994.132039235,0.954578604967264,5
"471",-422053.334165749,105426.340203526,1646332.26450892,0.983066526699666,3
"472",NA,NA,NA,NA,NA
"473",-147843.420469703,38382.0163048423,600248.864749868,0.736547046540152,3
"474",-122376.625954625,32155.3850459059,503095.5903543,0.971525931140193,3
"475",NA,NA,NA,NA,NA
"476",-239375.348025213,60761.5725921645,949434.015181383,0.973639136847083,3
"477",-87622.2805714252,23657.9475997135,370511.23815193,0.703722013701392,5
"478",-94546.0536645947,25350.8101209934,396924.740125062,0.869388283665904,3
"479",-2392.47567138793,2819.26030165435,45368.0554387778,0.000370904375290193,4
"480",33589.4082673271,-5978.31032136149,-91899.2335990263,0.0701717518847517,6
"481",-138642.301759129,36132.342780107,565147.516980901,0.90041812882781,5
"482",NA,NA,NA,NA,NA
"483",NA,NA,NA,NA,NA
"484",NA,NA,NA,NA,NA
"485",-15964.4040586449,6137.59679233867,97143.6050433243,0.171418803269677,4
"486",121625.92029385,-27503.2375118464,-427749.723329009,0.661695503184999,3
"487",NA,NA,NA,NA,NA
"488",NA,NA,NA,NA,NA
"489",-390940.159394966,97819.1689720693,1527638.61407586,0.845132859127145,5
"490",-189990.622600531,48687.0072258298,761036.226158765,0.545701723171609,3
"491",NA,NA,NA,NA,NA
"492",NA,NA,NA,NA,NA
"493",NA,NA,NA,NA,NA
"494",NA,NA,NA,NA,NA
"495",NA,NA,NA,NA,NA
"496",NA,NA,NA,NA,NA
"497",-189898.51068363,48664.4858621475,760684.82840698,0.985218587380298,6
"498",NA,NA,NA,NA,NA
"499",NA,NA,NA,NA,NA
"500",-26989.160911712,8833.14984291359,139201.94996209,0.140048197406748,4
"501",NA,NA,NA,NA,NA
"502",117291.242250218,-26443.4087301784,-411213.360060359,0.953687160532221,4
"503",-270108.344859119,68275.7903180547,1066677.32480305,0.980397553200924,3
"504",NA,NA,NA,NA,NA
"505",NA,NA,NA,NA,NA
"506",-467651.452902369,116575.080234629,1820284.52767725,0.885593530340894,4
"507",38729.6957373091,-7235.11060777207,-111508.91626826,0.0854824055837638,5
"508",NA,NA,NA,NA,NA
"509",NA,NA,NA,NA,NA
"510",-175365.7946258,45111.2367860082,705243.969917965,0.874349983790541,6
"511",-30841.3991216797,9775.02208525068,153897.853509296,0.12504148302838,5
"512",-251760.68558761,63789.7876261706,996682.839448172,0.876119752226818,3
"513",-210061.338062861,53594.2971563694,837603.998576007,0.922347468931964,4
"514",-381632.151997328,95543.3611633467,1492129.49665461,0.888276181822907,5
"515",NA,NA,NA,NA,NA
"516",-107071.777287734,28413.3495468509,444709.123174976,0.671316545096218,4
"517",-261862.556193134,66259.6949892212,1035220.46562119,0.962204254740123,6
"518",NA,NA,NA,NA,NA
"519",48653.9949797281,-9661.60177254351,-149369.125448165,0.502245614754986,6
"520",-131971.401549725,34501.3076789078,539698.699772046,0.310301105964234,4
"521",-263804.520283608,66734.5052093423,1042628.86442994,0.988623933775326,7
"522",-189706.263777335,48617.4814935585,759951.425684156,0.802609607644637,5
"523",NA,NA,NA,NA,NA
"524",-106351.780913371,28237.3104333191,441962.409006417,0.68886175683309,6
"525",-29385.154801058,9418.97034885867,148342.427050556,0.478228838267536,6
"526",-239761.127444294,60855.8956601298,950905.725087236,0.928195399170623,5
"527",-249445.271408858,63223.6688594657,987849.765897652,0.984980350608167,5
"528",-169031.621191092,43562.5313812221,681079.731681898,0.887938283034136,6
"529",-409269.037150105,102300.579583201,1597561.44982394,0.919701988065561,3
"530",-148854.354489122,38629.1896725903,604105.476940551,0.967197537163548,5
"531",-655247.885009261,162442.407884764,2535946.15652183,0.982458134414573,3
"532",-110467.413890163,29243.5826961448,457663.137249582,0.914925377235886,4
"533",NA,NA,NA,NA,NA
"534",-171813.443252734,44242.6868752935,691692.104664856,0.347196980404357,6
"535",-265796.369513453,67221.5123460392,1050227.57005687,0.978837730430128,5
"536",-112944.761789301,29849.2942574842,467113.971750006,0.604035271927883,4
"537",-54589.5425930926,15581.4431640111,244494.646038389,0.41379941603775,4
"538",NA,NA,NA,NA,NA
"539",-68610.7727479265,19009.633936868,297984.236956065,0.721413428130346,7
"540",-247826.136333782,62827.7903336096,981672.927499744,0.868100824643756,6
"541",NA,NA,NA,NA,NA
"542",NA,NA,NA,NA,NA
"543",NA,NA,NA,NA,NA
"544",NA,NA,NA,NA,NA
"545",NA,NA,NA,NA,NA
"546",NA,NA,NA,NA,NA
"547",20048.4416654998,-2667.5439872147,-40241.8001097151,0.477154071635577,4
"548",-112696.777999316,29788.6622208328,466167.938389591,0.868636621805871,3
"549",2440.08689735776,1637.69875359603,26932.3124952699,8.1054135531197e-05,3
"550",NA,NA,NA,NA,NA
"551",NA,NA,NA,NA,NA
"552",-106312.587040686,28227.7275314477,441812.888301512,0.491259527257176,3
"553",-168766.726974582,43497.7647452853,680069.186735332,0.943753239507059,7
"554",-91218.4102583713,24537.2013081718,384230.113294661,0.355628144378547,8
"555",NA,NA,NA,NA,NA
"556",NA,NA,NA,NA,NA
"557",-210674.304586443,53744.1674713853,839942.404566821,0.994499480852988,3
"558",-114076.169841401,30125.9235262224,471430.180327959,0.678103236025536,4
"559",-64847.7033022631,18089.5634574033,283628.503327803,0.591674520958693,7
"560",-243466.510909561,61761.8619173876,965041.392468883,0.977716466071257,6
"561",-60086.5405912491,16925.4591745604,265465.143701556,0.290246537706133,5
"562",NA,NA,NA,NA,NA
"563",28811.8468343749,-4810.19655100466,-73673.3144884567,0.20425379917626,4
"564",-340723.956274612,85541.3073091427,1336068.82079202,0.957195138885861,3
"565",NA,NA,NA,NA,NA
"566",NA,NA,NA,NA,NA
"567",-651744.282098292,161585.776973032,2522580.26177677,0.971739291985801,4
"568",NA,NA,NA,NA,NA
"569",NA,NA,NA,NA,NA
"570",-280447.525626,70803.720015557,1106120.26551063,0.733198598659069,5
"571",-126719.488171632,33217.214857964,519663.175425958,0.894047581672011,4
"572",NA,NA,NA,NA,NA
"573",-229278.138604205,58292.8048887281,910914.170961182,0.963333424794475,5
"574",-303432.330723047,76423.5048617849,1193804.99847535,0.942555448613962,4
"575",-131018.864943421,34268.4124786664,536064.867872656,0.865208836470261,6
"576",-169997.072368069,43798.5841939929,684762.831376946,0.823683773954533,7
"577",-153570.756991436,39782.3500844061,622098.080846629,0.992110190295209,3
"578",-83663.3849299079,22689.9976153625,355408.447169106,0.560876985059976,5
"579",NA,NA,NA,NA,NA
"580",NA,NA,NA,NA,NA
"581",-71727.631212967,19771.7058315704,309874.740314348,0.891863535513585,3
"582",-92303.2687292276,24802.4492042962,388368.739875131,0.928764760816535,4
"583",141636.083441873,-32395.722401538,-504086.494722401,0.913374885050117,4
"584",NA,NA,NA,NA,NA
"585",NA,NA,NA,NA,NA
"586",NA,NA,NA,NA,NA
"587",-687578.460386291,170347.233564448,2659284.06852766,0.985942148798611,4
"588",NA,NA,NA,NA,NA
"589",NA,NA,NA,NA,NA
"590",NA,NA,NA,NA,NA
"591",-181815.620245797,46688.2191500975,729849.409675693,0.961242969135112,7
"592",NA,NA,NA,NA,NA
"593",NA,NA,NA,NA,NA
"594",-114888.697215979,30324.5864693068,474529.891009238,0.240754260420256,5
"595",-221211.9649304,56320.6254254827,880142.525012982,0.689251446427006,4
"596",-57928.9702819458,16397.9332339357,257234.228728595,0.686507766272459,3
"597",-93554.176409254,25108.2961320626,393140.827583663,0.627148592141733,5
"598",NA,NA,NA,NA,NA
"599",NA,NA,NA,NA,NA
"600",NA,NA,NA,NA,NA
"601",NA,NA,NA,NA,NA
"602",-374257.350934762,93740.2223035492,1463995.36808102,0.995872301738912,3
"603",-141776.889909053,36898.7495827635,577105.657314047,0.910932952712401,3
"604",-84285.7806370997,22842.1733657709,357782.824552472,0.351572276970241,4
"605",-312894.98553759,78737.1239639407,1229904.08032735,0.900942264062644,6
"606",-85241.1226083908,23075.7544777515,361427.35863875,0.758133325291586,3
"607",-83241.5413450207,22586.8568588576,353799.156077119,0.894082471729739,5
"608",-397698.148006161,99471.4971875063,1553419.6648287,0.908355549351783,3
"609",-110321.869030623,29207.9969779874,457107.898164926,0.62347323680413,5
"610",NA,NA,NA,NA,NA
"611",-139901.457188088,36440.2062824876,569951.069026839,0.96240197813908,3
"612",-259962.302738826,65795.0830196429,1027971.18871835,0.983344744384645,4
"613",-508969.191013341,126677.267202762,1977907.56679679,0.9727180804379,6
"614",-240575.562148045,61055.0249451971,954012.712038578,0.940341814684118,5
"615",-425319.430920412,106224.900860041,1658792.09701828,0.882896830123877,7
"616",NA,NA,NA,NA,NA
"617",-251126.215642106,63634.659724495,994262.400053072,0.673319989437747,6
"618",19678.6754757538,-2577.13615382179,-38831.179072453,0.138820863176639,4
"619",NA,NA,NA,NA,NA
"620",-116142.526883703,30631.1478230653,479313.125808637,0.198184261779594,3
"621",-13940.8642524191,5642.84130971646,89424.0030365535,0.0128412836975858,5
"622",-519199.549654334,129178.589890485,2016935.36197632,0.986279208916832,3
"623",NA,NA,NA,NA,NA
"624",-96408.003601498,25806.0568805663,404027.892939355,0.291144916198579,5
"625",NA,NA,NA,NA,NA
"626",-151526.4729498,39282.522636226,614299.34165619,0.309189261985763,5
"627",-244055.614287595,61905.8976933169,967288.762945745,0.840112712705664,6
"628",-144913.250621595,37665.5897769799,589070.559796321,0.830403444169399,5
"629",NA,NA,NA,NA,NA
"630",-266359.711431321,67359.2494449579,1052376.66313935,0.958518418305768,3
"631",-271955.568816194,68727.4365755595,1073724.2994769,0.746851812051284,3
"632",-267470.354708795,67630.8017263004,1056613.65617858,0.997046699054198,3
"633",-358554.574403303,89900.8934416077,1404090.84589116,0.944426719432358,3
"634",-289107.49180615,72921.0817466036,1139157.17049128,0.87141149734943,4
"635",-390628.525103282,97742.9743877525,1526449.76041651,0.747745461944312,3
"636",NA,NA,NA,NA,NA
"637",-82368.2455551648,22373.3360382378,350467.619968398,0.796117985026648,5
"638",NA,NA,NA,NA,NA
"639",-223892.622024109,56976.0460848948,890368.963759775,0.788834905599263,7
"640",-224607.279642485,57150.7798725875,893095.311108115,0.90000717612221,6
"641",-57015.380526289,16174.5605386777,253748.97516974,0.685578279498922,6
"642",-354976.398033417,89026.0293191705,1390440.46085768,0.934565528516686,7
"643",-495292.986414743,123333.435178405,1925734.2138736,0.973892677301555,6
"644",-88065.2073083669,23766.2431868957,372200.959360689,0.654650860701364,5
"645",16160.3339309833,-1716.90164612542,-25409.0579133082,0.0909063721625662,6
"646",NA,NA,NA,NA,NA
"647",-50865.2715983264,14670.8589057908,230286.924620455,0.714901487171985,3
"648",NA,NA,NA,NA,NA
"649",NA,NA,NA,NA,NA
"650",-32434.4070984374,10164.5125355679,159975.019639829,0.132784882461526,6
"651",NA,NA,NA,NA,NA
"652",-203317.126625726,51945.3374599899,811875.50636448,0.381999446117018,6
"653",-88916.6431579028,23974.4192521072,375449.101983083,0.985911557464356,4
"654",NA,NA,NA,NA,NA
"655",-437521.930338924,109208.411967867,1705343.41204996,0.933831038862929,4
"656",-527297.746304106,131158.598971354,2047829.17237553,0.919772979627073,4
"657",-298650.933744295,75254.4533004802,1175564.44714111,0.662229989914644,3
"658",-253539.776510371,64224.7753567856,1003469.89340941,0.923879544362467,5
"659",-102733.412669054,27352.6193975837,428158.695991174,0.483378213228427,8
"660",NA,NA,NA,NA,NA
"661",-100309.969675042,26760.0875855477,418913.503313317,0.860354342988746,6
"662",-139227.914590095,36275.5251172783,567381.571369755,0.494797518835624,7
"663",-78624.0643819378,21457.8837413838,336183.943210654,0.190724971639755,6
"664",NA,NA,NA,NA,NA
"665",NA,NA,NA,NA,NA
"666",NA,NA,NA,NA,NA
"667",-314024.20564527,79013.2182802685,1234211.94211614,0.859455563702873,7
"668",NA,NA,NA,NA,NA
"669",-108005.383165026,28641.6161838489,448270.736236259,0.394564241198492,3
"670",NA,NA,NA,NA,NA
"671",NA,NA,NA,NA,NA
"672",-292534.445248765,73758.971863323,1152230.65517951,0.984129395639574,3
"673",-169231.078875633,43611.2987850924,681840.642802654,0.990547706917994,6
"674",2969.14839266469,1508.34321799348,24913.9957968235,0.0295063659341975,3
"675",NA,NA,NA,NA,NA
"676",NA,NA,NA,NA,NA
"677",-160370.876149091,41444.9792184528,648039.855421168,0.916784880433496,4
"678",-22288.1094518292,7683.74276097224,121267.908747783,0.135052123711467,4
"679",-673339.746105813,166865.867922871,2604964.79741907,0.862544804251334,6
"680",NA,NA,NA,NA,NA
"681",-164586.399314975,42475.6746325114,664121.654746698,0.616190395178623,4
"682",NA,NA,NA,NA,NA
"683",-195072.327552809,49929.4840866618,780422.422381212,0.937744962218374,3
"684",-71385.3384146555,19688.0152423833,308568.927518069,0.85206118843689,5
"685",-102562.399606256,27310.8067037296,427506.298257907,0.821028032496613,6
"686",-131254.259391633,34325.9664212544,536962.874153142,0.995106848429366,3
"687",-134985.22981087,35238.1886887577,551196.153205488,0.762302199015256,4
"688",-236570.972816048,60075.9028535238,938735.604195942,0.886676299749152,3
"689",NA,NA,NA,NA,NA
"690",-419012.093175128,104682.756781319,1634730.2342538,0.693896764050345,5
"691",-141833.763862508,36912.6552643833,577322.625759083,0.727545744337458,5
"692",-106915.86080904,28375.2279678104,444114.317400408,0.843307740809057,6
"693",-7641.95779367183,4102.75868055276,65394.3047870787,0.0123998146792411,3
"694",NA,NA,NA,NA,NA
"695",-298546.377284015,75228.8892459417,1175165.57470079,0.757398537853547,3
"696",NA,NA,NA,NA,NA
"697",-94471.7300792185,25332.6380043689,396641.203079211,0.707444433145097,4
"698",-186351.652548249,47797.2790480468,747153.919306314,0.813002913955684,7
"699",NA,NA,NA,NA,NA
"700",-16688.6934272672,6314.68554296683,99906.6965556816,0.328335410086914,6
"701",NA,NA,NA,NA,NA
"702",76833.6433467097,-16551.5257982705,-256871.666003363,0.259306702209644,3
"703",NA,NA,NA,NA,NA
"704",-164027.566210936,42339.0399385738,661989.762338099,0.880042400779723,4
"705",-184684.958554272,47389.7723665194,740795.648388691,0.338847107017502,3
"706",-252394.044456971,63944.6438697294,999099.040198898,0.876605257562648,5
"707",NA,NA,NA,NA,NA
"708",NA,NA,NA,NA,NA
"709",NA,NA,NA,NA,NA
"710",-292402.588674211,73726.7329308445,1151727.63553325,0.968643423949835,5
"711",-14648.0974824567,5815.75983446067,92122.0270858241,0.2917857307962,6
"712",NA,NA,NA,NA,NA
"713",-68918.8378478836,19084.9558538075,299159.474505891,0.870301074847433,5
"714",-151973.694762881,39391.8683695243,616005.448150913,0.952180853201345,7
"715",-63260.0543841909,17701.3832969347,277571.78147025,0.797015845157758,5
"716",-82031.5940440446,22291.0247437689,349183.328118626,0.594980845725481,5
"717",-148901.105617611,38640.6203235059,604283.827820625,0.492665071029943,4
"718",NA,NA,NA,NA,NA
"719",-162973.582775374,42081.340988579,657968.920929775,0.932165026520541,5
"720",-417590.572085575,104335.194874923,1629307.27344926,0.975381859048949,5
"721",NA,NA,NA,NA,NA
"722",-109463.636682721,28998.1591689252,453833.827580911,0.677930483585744,3
"723",NA,NA,NA,NA,NA
"724",NA,NA,NA,NA,NA
"725",-66612.4937972211,18521.0547334206,290361.002587019,0.866187194072919,4
"726",NA,NA,NA,NA,NA
"727",-453506.477549516,113116.633760857,1766322.86120365,0.853536219460449,6
"728",NA,NA,NA,NA,NA
"729",-402925.022716734,100749.468054241,1573359.66916207,0.826562855107355,3
"730",-496655.681581104,123666.61414658,1930932.75966375,0.995466607401303,5
"731",NA,NA,NA,NA,NA
"732",NA,NA,NA,NA,NA
"733",-34682.4091377863,10714.1490341887,168550.922619741,0.12320341361871,4
"734",NA,NA,NA,NA,NA
"735",NA,NA,NA,NA,NA
"736",-192095.385950445,49201.6218648838,769065.687862352,0.738135893021201,7
"737",-408559.064728463,102126.991326109,1594852.97603261,0.916683369184123,3
"738",-130481.477688135,34137.021294749,534014.789232466,0.868487280658689,6
"739",-194867.092024452,49879.3039999786,779639.469364083,0.797374705464825,5
"740",-75593.6494797927,20716.9472978093,324623.213400461,0.176695365822949,4
"741",-170032.562522967,43807.2615368653,684898.222768865,0.963771806436711,4
"742",-9474.08852242624,4550.71464373322,72383.7003042039,0.00659695819311087,4
"743",-63657.6944949883,17798.6063040246,279088.738728931,0.938772978509512,5
"744",-447790.665078173,111719.117611613,1744517.60820672,0.936485918257028,7
"745",NA,NA,NA,NA,NA
"746",NA,NA,NA,NA,NA
"747",-355941.214449517,89261.9269329068,1394121.13900346,0.901873518479047,6
"748",NA,NA,NA,NA,NA
"749",NA,NA,NA,NA,NA
"750",-558497.351094183,138786.902342528,2166852.5446892,0.784213499095162,3
"751",-106856.599435483,28360.7385619756,443888.241186424,0.707283528400486,6
"752",NA,NA,NA,NA,NA
"753",-5121.36407737208,3486.47351691747,55778.4918187667,0.00108589544398366,6
"754",-225636.245506209,57402.3620262681,897020.712981636,0.735000426703806,6
"755",-146171.803404923,37973.3059325036,593871.81280944,0.948654956219623,5
"756",NA,NA,NA,NA,NA
"757",NA,NA,NA,NA,NA
"758",NA,NA,NA,NA,NA
"759",-137616.989892922,35881.6540288193,561236.054742507,0.671372710934928,5
"760",-108337.658583242,28722.8575236028,449538.333729212,0.494994131406339,5
"761",-220476.221740738,56140.7362156104,877335.738318741,0.654350212710119,3
"762",101149.068990722,-22496.6473682315,-349632.583292704,0.946974388592428,3
"763",-246029.713084723,62388.5648492147,974819.752446909,0.956018638078146,4
"764",NA,NA,NA,NA,NA
"765",-306140.094953909,77085.5532162308,1204134.84823967,0.961291380400874,4
"766",-264417.749371934,66884.4397214378,1044968.27207899,0.864986318767565,5
"767",-190585.407467205,48832.4321257316,763305.27094664,0.969561163679064,7
"768",-244484.729308344,62010.8163158901,968925.793838402,0.754238818394369,5
"769",-91539.8209981797,24615.7862340549,385456.263125956,0.600496359207294,3
"770",NA,NA,NA,NA,NA
"771",NA,NA,NA,NA,NA
"772",16737.8234210543,-1858.09782644777,-27612.12256898,0.0674246296209381,4
"773",-93570.3388041508,25112.2478376149,393202.485503955,0.978295712077748,5
"774",-84115.7706808248,22800.6059314617,357134.253570278,0.121768405294251,5
"775",-196172.244720459,50198.4138341522,784618.496384079,0.953273074921161,5
"776",-532401.097154855,132406.368254362,2067297.94553606,0.968603597599991,6
"777",-389425.516411257,97448.8387625524,1521860.40255731,0.973814787608782,6
"778",NA,NA,NA,NA,NA
"779",-157291.810278578,40692.1476131122,636293.527031746,0.877516759346264,4
"780",-246040.72267313,62391.2566935802,974861.752925723,0.851595065377217,4
"781",-403404.494063235,100866.698798461,1575188.80440183,0.947729370603077,5
"782",-168938.356925724,43539.7282683394,680723.937835943,0.925814029415699,3
"783",NA,NA,NA,NA,NA
"784",-53833.3028451973,15396.5425456507,241609.667024143,0.145571585256349,5
"785",NA,NA,NA,NA,NA
"786",-550872.4580465,136922.615992369,2137764.34020159,0.997193640936853,3
"787",-134998.340673998,35241.3942947924,551246.169837233,0.896419177934008,3
"788",-301671.508125213,75992.9837366146,1187087.63634688,0.746284922796731,3
"789",NA,NA,NA,NA,NA
"790",-123780.380175688,32498.6029529556,508450.772332231,0.897254011927986,4
"791",-73758.948338647,20268.3628687992,317624.012017104,0.631814816373298,6
"792",-558712.35225218,138839.470125658,2167672.75260684,0.849780037968728,3
"793",-286715.964217083,72336.3532510769,1130033.73189175,0.994486241637067,5
"794",-315438.469256255,79359.0057331544,1239607.21636569,0.84321475943667,4
"795",-129982.019567379,34014.9037842242,532109.406447595,0.711021258288559,7
"796",NA,NA,NA,NA,NA
"797",NA,NA,NA,NA,NA
"798",-41880.4914922146,12474.0801698465,196010.88699365,0.0796428832537286,4
"799",NA,NA,NA,NA,NA
"800",-269272.334821467,68071.3858638487,1063488.03011042,0.897277723001311,5
"801",-92168.6916357358,24769.5451049374,387855.341721168,0.749693481475136,4
"802",-488950.756750534,121782.760025505,1901539.24192761,0.923799192320553,5
"803",-15800.1396645127,6097.43414797335,96516.9528061493,0.00739364902717604,4
"804",-143056.065763737,37211.5080792337,581985.58528208,0.952567192211835,4
"805",26550.3047118479,-4257.24950204681,-65045.7574452286,0.389609507578428,4
"806",-144718.519679019,37617.9780615202,588327.680723491,0.882148736578765,8
"807",-546718.716638107,135907.026218017,2121918.23210271,0.877044366595334,6
"808",-395859.724591028,99022.0026625064,1546406.26334231,0.979654778358746,3
"809",-223273.755809249,56824.7332953614,888008.051036704,0.994172436561646,3
"810",-34745.922122067,10729.6779588454,168793.218303473,0.109867232369196,4
"811",NA,NA,NA,NA,NA
"812",-22613.3098252089,7763.25425226357,122508.515652189,0.92637624106499,3
"813",-8007.40140590195,4192.10964374303,66788.4356233753,0.303269964696176,5
"814",-42225.9488657073,12558.5444976654,197328.772327787,0.457075210434991,6
"815",NA,NA,NA,NA,NA
"816",-16690.6009198019,6315.15192489156,99913.9734489521,0.0340284721664203,3
"817",NA,NA,NA,NA,NA
"818",-274438.604460437,69334.5387905769,1083196.83215612,0.95745978723601,5
"819",NA,NA,NA,NA,NA
"820",-58619.4930776609,16566.7660574881,259868.504141969,0.37838000777853,3
"821",-87590.7775911412,23650.245121034,370391.057432444,0.402489675069944,5
"822",-67301.848128299,18689.6018673691,292990.820424648,0.248987185219628,6
"823",-26774.8881694615,8780.76015743333,138384.520877679,0.0976919049590699,6
"824",NA,NA,NA,NA,NA
"825",NA,NA,NA,NA,NA
"826",-234203.026322578,59496.9399358702,929702.125118001,0.963645098513969,3
"827",-286134.677048509,72194.2285383604,1127816.17947236,0.930870992026299,3
"828",NA,NA,NA,NA,NA
"829",72693.4788764123,-15539.2555852828,-241077.352565625,0.402098371479472,6
"830",NA,NA,NA,NA,NA
"831",NA,NA,NA,NA,NA
"832",NA,NA,NA,NA,NA
"833",-116209.684841559,30647.5679437613,479569.326702065,0.919675366370846,6
"834",NA,NA,NA,NA,NA
"835",NA,NA,NA,NA,NA
"836",-396985.238439619,99297.1907984867,1550699.9861233,0.922648580757832,3
"837",-138233.494567703,36032.3894218033,563587.958426329,0.637481154022683,3
"838",NA,NA,NA,NA,NA
"839",-48068.8342398358,13987.1299716399,219618.79574155,0.179011841584975,3
"840",-179289.536753193,46070.5917361556,720212.653759754,0.526837288831078,3
"841",NA,NA,NA,NA,NA
"842",-164334.043125953,42413.9735442955,663158.941121198,0.311725851989856,4
"843",-149103.287960851,38690.0539064282,605055.133241852,0.576817149001877,6
"844",NA,NA,NA,NA,NA
"845",-102009.653832177,27175.6603619672,425397.628404371,0.622094692678343,3
"846",-88499.0934957761,23872.3283597173,373856.191777036,0.297827793339548,4
"847",-296057.811016824,74620.4347936135,1165671.94324808,0.878036100691477,5
"848",NA,NA,NA,NA,NA
"849",-277755.376589539,70145.4895761422,1095849.98615143,0.854786760554021,6
"850",-87914.2909339917,23729.344133361,371625.228484085,0.819085085978534,5
"851",NA,NA,NA,NA,NA
"852",-145829.665864055,37889.6533037615,592566.592304785,0.337943631454692,4
"853",NA,NA,NA,NA,NA
"854",-396507.198508326,99180.3100352858,1548876.31158941,0.995589336836349,4
"855",NA,NA,NA,NA,NA
"856",NA,NA,NA,NA,NA
"857",NA,NA,NA,NA,NA
"858",-358263.088787152,89829.6252084586,1402978.8574141,0.894613579211856,6
"859",-155809.930330386,40329.8279657794,630640.30321739,0.625142389576068,3
"860",-173442.179784223,44640.9129572426,697905.571658833,0.895198134487001,4
"861",-46125.3126852862,13511.9389515525,212204.455363098,0.264524342915658,3
"862",-46533.7773091208,13611.80855208,213762.707056565,0.903272430554757,4
"863",NA,NA,NA,NA,NA
"864",-188128.011416953,48231.5987914451,753930.550754536,0.945271216339682,5
"865",NA,NA,NA,NA,NA
"866",-299884.620889222,75556.0898074147,1180270.84023029,0.832436292179826,6
"867",-349333.157276137,87646.2569540155,1368912.06169273,0.994936008674211,6
"868",-122354.302517537,32149.9269655379,503010.428674153,0.502171458516071,5
"869",NA,NA,NA,NA,NA
"870",-94978.8221236344,25456.6220092286,398575.708519453,0.952731953211691,3
"871",NA,NA,NA,NA,NA
"872",NA,NA,NA,NA,NA
"873",NA,NA,NA,NA,NA
"874",-31615.8775184857,9964.38205326975,156852.411145271,0.444432200535358,3
"875",-280540.788502191,70826.5227887856,1106476.05405701,0.658597480819896,5
"876",-409906.252089229,102456.378635816,1599992.3610952,0.895236670484655,4
"877",-141916.041565391,36932.7721627382,577636.506967812,0.993573150958847,3
"878",NA,NA,NA,NA,NA
"879",-302263.939704898,76137.8332578476,1189347.70358022,0.756367793489449,5
"880",-221047.939303906,56280.521159805,879516.78365047,0.926544671336857,5
"881",-289127.059906703,72925.8661471889,1139231.82083808,0.625947965036662,3
"882",-171083.071699397,44064.1110305026,688905.81022603,0.874176468362533,5
"883",-117731.721959098,31019.7060189996,485375.746101764,0.861411719034689,6
"884",-106379.525292389,28244.093933989,442068.251037933,0.829914508983428,5
"885",-120712.757502928,31748.5692094658,496748.098597919,0.230560011605928,3
"886",-63014.1693200888,17641.2643987617,276633.754539207,0.974942623384337,3
"887",NA,NA,NA,NA,NA
"888",NA,NA,NA,NA,NA
"889",-453002.750092646,112993.472397652,1764401.19132844,0.977827852030988,6
"890",-315783.636422983,79443.3991054192,1240923.99459004,0.940172389831956,7
"891",NA,NA,NA,NA,NA
"892",NA,NA,NA,NA,NA
"893",-184454.592698639,47333.4479148173,739916.825686038,0.989155364863688,3
"894",-242035.727127167,61412.0352825924,959583.095417431,0.999385959527689,3
"895",-221761.834630505,56455.0685671585,882240.222931913,0.852919053024177,4
"896",-165300.31046156,42650.2259078514,666845.154379805,0.764917161455423,5
"897",-556766.900565263,138363.807188207,2160251.04896642,0.974314701282415,4
"898",NA,NA,NA,NA,NA
"899",NA,NA,NA,NA,NA
"900",-161540.681568226,41730.9966434312,652502.546114625,0.932440584114111,5
"901",-336713.22702239,84560.6840069744,1320768.28976772,0.9711699287634,5
"902",-146720.596899052,38107.4859418183,595965.405110195,0.5777933763217,6
"903",NA,NA,NA,NA,NA
"904",NA,NA,NA,NA,NA
"905",-243756.2585515,61832.7052158418,966146.750748118,0.867041897871705,6
"906",-136296.563960889,35558.8098884373,556198.761854395,0.984622608477865,8
"907",-227996.114627353,57979.3500263877,906023.377691887,0.921090216429152,5
"908",-244758.946220612,62077.8623509396,969971.903937012,0.732399018786625,4
"909",-118895.948530249,31304.3594156458,489817.154048046,0.527370400596744,5
"910",-106133.323963387,28183.897709048,441129.017587924,0.814648432865286,6
"911",-164641.847597093,42489.2317374891,664333.184398148,0.716952391898364,4
"912",NA,NA,NA,NA,NA
"913",-105360.634196388,27994.9750610169,438181.283395801,0.614284564005541,6
"914",NA,NA,NA,NA,NA
"915",-233668.774490272,59366.3153628715,927664.007802939,0.938063713777698,3
"916",NA,NA,NA,NA,NA
"917",-121177.606310145,31862.2247428304,498521.450312571,0.390117500522555,6
"918",NA,NA,NA,NA,NA
"919",NA,NA,NA,NA,NA
"920",NA,NA,NA,NA,NA
"921",-144314.371957652,37519.1639436459,586785.897581247,0.672846422138631,5
"922",NA,NA,NA,NA,NA
"923",-148223.066366528,38474.839726616,601697.175881666,0.833236402959507,4
"924",-56953.7946177583,16159.5027840419,253514.031087286,0.316520019615057,4
"925",-89977.2732020902,24233.743297911,379495.299538654,0.797042963759916,5
"926",-61636.8285638759,17304.5045838676,271379.33728833,0.780340510524695,4
"927",-161260.225783587,41662.425204087,651432.635341805,0.698167488334145,4
"928",-345034.729286171,86595.2913104689,1352513.98875381,0.975693677482327,4
"929",NA,NA,NA,NA,NA
"930",-189829.213329935,48647.5426591692,760420.465932371,0.772034691115602,7
"931",NA,NA,NA,NA,NA
"932",-156474.046348532,40492.2043322162,633173.839415016,0.693390156127896,5
"933",-167909.019070719,43288.0551627908,676797.116852885,0.978446395905221,7
"934",-249360.457618751,63202.9318877845,987526.209769772,0.842497137919833,5
"935",-312156.167579917,78556.4829732898,1227085.56370063,0.949710922683563,4
"936",-280987.070230399,70935.6386713327,1108178.57422195,0.952940877719912,4
"937",NA,NA,NA,NA,NA
"938",NA,NA,NA,NA,NA
"939",NA,NA,NA,NA,NA
"940",-60606.4456474755,17052.5759608078,267448.529500554,0.467556519498684,5
"941",NA,NA,NA,NA,NA
"942",NA,NA,NA,NA,NA
"943",NA,NA,NA,NA,NA
"944",-47656.3190121402,13886.2699984683,218045.091399414,0.377880859864666,4
"945",NA,NA,NA,NA,NA
"946",-105413.332155577,28007.8597120385,438382.32084031,0.848870234448157,3
"947",NA,NA,NA,NA,NA
"948",NA,NA,NA,NA,NA
"949",-241088.393201563,61180.412137782,955969.111224641,0.931564952705604,5
"950",-383.970492605934,2328.18078544215,37705.8090322424,7.67835276317113e-05,3
"951",-32329.3880009001,10138.8353662201,159574.382284634,0.41670281987388,6
"952",-146224.191174231,37986.1147420995,594071.666910574,0.651438092685649,3
"953",NA,NA,NA,NA,NA
"954",-171666.255200806,44206.6993965971,691130.596965556,0.954955208880082,4
"955",-60415.0175466646,17005.7717901595,266718.250438771,0.905978990622075,3
"956",-161808.639010738,41796.5122381256,653524.776962066,0.891633013411792,6
"957",-17857.2409411898,6600.39541012092,104364.588466545,0.0887215982098561,5
"958",-53041.1229179318,15202.8545534343,238587.579819618,0.823136943029743,4
"959",NA,NA,NA,NA,NA
"960",-54274.7293919044,15504.4713363206,243293.665157176,0.125851091807442,7
"961",-1026683.50498508,253258.416968852,3952935.90316758,0.890384979444915,5
"962",-98793.1192763241,26389.2176630613,413126.870727249,0.92601396801843,3
"963",NA,NA,NA,NA,NA
"964",NA,NA,NA,NA,NA
"965",NA,NA,NA,NA,NA
"966",234.964292621343,2176.85123045408,35344.6347200788,2.28206493698752e-05,4
"967",-629820.698185258,156225.460706296,2438943.98150694,0.875552026706104,5
"968",NA,NA,NA,NA,NA
"969",NA,NA,NA,NA,NA
"970",-219756.637183746,55964.7977914259,874590.595192273,0.994595178505206,4
"971",-139857.21658299,36429.389454541,569782.295542447,0.674930156428661,5
"972",NA,NA,NA,NA,NA
"973",-82165.9281382089,22323.8694297921,349695.799254453,0.825989473201164,3
"974",-70441.0011921864,19457.1247914896,304966.375448072,0.214002510177506,7
"975",-1157.94417638624,2517.41735112644,40658.4412384959,0.000964870113440168,3
"976",-76366.5666807022,20905.9255534317,327571.815230211,0.911083637336699,4
"977",-37264.7044299849,11345.5202331313,178402.120929949,0.361309465128656,4
"978",NA,NA,NA,NA,NA
"979",-127944.845338431,33516.8146852464,524337.79048158,0.759614383571776,3
"980",NA,NA,NA,NA,NA
"981",-234513.516571051,59572.8548016219,930886.614366901,0.994100620902388,5
"982",-148187.962540087,38466.2568410512,601563.258294176,0.621559722164824,3
"983",-27830.4367716435,9038.84179066684,142411.333240143,0.283061790014499,4
"984",-226727.459541896,57669.1638579935,901183.585406378,0.871019991882516,6
"985",-26349.9252735037,8676.85672937166,136763.329925889,0.0629437760490772,4
"986",-198404.888137336,50744.2951495786,793135.807755122,0.793757768001469,3
"987",-250065.011463965,63375.1953029395,990214.01223388,0.979642898686079,5
"988",NA,NA,NA,NA,NA
"989",-192356.025845133,49265.3483191351,770060.002996599,0.967117806392233,4
"990",-183027.667534055,46984.5647120765,734473.248875667,0.86010759319001,4
"991",NA,NA,NA,NA,NA
"992",-283398.898959638,71525.3307956315,1117379.45964112,0.934409474254894,4
"993",21262.7388929407,-2964.43965932399,-44874.2226026793,0.0856681827157521,3
"994",-432095.095941132,107881.550957607,1684640.58150583,0.963150713707083,4
"995",NA,NA,NA,NA,NA
"996",-78743.5602854538,21487.1004897935,336639.808132978,0.921510630482549,3
"997",NA,NA,NA,NA,NA
"998",-176382.943282848,45359.9296326563,709124.290329737,0.984848594343621,4
"999",-132785.221384224,34700.2866284428,542803.341058676,0.674071256909325,6
"1000",43302.2927493815,-8353.11057722376,-128952.916609615,0.304740415072262,5
"1001",NA,NA,NA,NA,NA
"1002",-30187.4267248286,9615.1258342206,151403.014212549,0.280515666442366,4
"1003",-118106.046070498,31111.2282642368,486803.755154344,0.165246213173632,3
"1004",NA,NA,NA,NA,NA
"1005",-123726.572569829,32485.4469933231,508245.50169664,0.466518563674781,5
"1006",NA,NA,NA,NA,NA
"1007",-148049.375662905,38432.3723495803,601034.563216416,0.943405446371692,5
"1008",-34996.7848501855,10791.0138958704,169750.234524973,0.456034289568488,4
"1009",-299034.042251017,75348.1233303737,1177025.96778341,0.859972540966361,6
"1010",9897.82301038846,-185.717726039979,-1518.20500233095,0.00464067028582993,6
"1011",-447310.564067132,111601.732914414,1742686.0708597,0.854806600801583,6
"1012",-166347.002452952,42906.1420997468,670838.179657767,0.812531054171712,5
"1013",-577050.898163454,143323.244600965,2237632.47140376,0.97021766717453,4
"1014",-55966.6615568667,15918.1487506539,249748.217173291,0.130332235236117,4
"1015",-141998.503691631,36952.9341526039,577951.091733204,0.747137351858917,6
"1016",NA,NA,NA,NA,NA
"1017",-209592.200283999,53479.5929694377,835814.284863427,0.95553334756423,7
"1018",-123679.132333822,32473.8478556195,508064.521940297,0.241193045317131,4
"1019",-233165.613706393,59243.292551213,925744.499728517,0.991240511906794,4
"1020",-244112.183847181,61919.7289506359,967504.570158612,0.924080911343158,5
"1021",NA,NA,NA,NA,NA
"1022",-268103.309113792,67785.5590783222,1059028.31393821,0.953303186839399,7
"1023",-250476.59605144,63475.827734577,991784.166276637,0.534669839869713,4
"1024",NA,NA,NA,NA,NA
"1025",-253404.470238372,64191.692973282,1002953.71351237,0.834695123850154,3
"1026",NA,NA,NA,NA,NA
"1027",NA,NA,NA,NA,NA
"1028",-210359.201771024,53667.1248330154,838740.31883628,0.805226929702911,5
"1029",-144197.632577757,37490.6211652616,586340.548520885,0.70416902019962,4
"1030",NA,NA,NA,NA,NA
"1031",NA,NA,NA,NA,NA
"1032",-776358.380180448,192053.923954119,2997970.58455039,0.803387457580158,3
"1033",-125655.742454573,32957.1290301432,515605.091889952,0.578613434357062,4
"1034",-61258.9806365583,17212.1207656385,269937.885230406,0.434919660223387,4
"1035",NA,NA,NA,NA,NA
"1036",NA,NA,NA,NA,NA
"1037",-288364.854027521,72739.506809729,1136324.08162959,0.891655005891038,7
"1038",-122346.422187928,32148.0002249484,502980.366004727,0.930079419860002,6
"1039",NA,NA,NA,NA,NA
"1040",NA,NA,NA,NA,NA
"1041",-92097.1440345627,24752.0517164506,387582.394777453,0.546607905884056,5
"1042",-163005.038779449,42089.0319815754,658088.922439721,0.972916315121188,7
"1043",62433.5145624706,-13030.6943105241,-201936.614704369,0.415284759894733,4
"1044",-339288.130369066,85190.2478752367,1330591.28854495,0.684366684614773,4
"1045",-75301.3034259173,20645.4686876368,323507.942439532,0.386601121092955,4
"1046",5240.81438737388,952.920882287086,16247.8171936074,0.00496643585040941,5
"1047",-63658.825734524,17798.8828920911,279093.054294636,0.964703777787271,4
"1048",17042.5729182515,-1932.60907851249,-28774.7114258376,0.0972612008330946,3
"1049",-456374.994134165,113817.986065803,1777265.96512243,0.919874550720686,5
"1050",NA,NA,NA,NA,NA
"1051",-478298.990483965,119178.40317333,1860903.81879728,0.81858112523986,4
"1052",-235779.252794483,59882.3273082511,935715.271485673,0.982879100062875,6
"1053",25842.9205544358,-4084.29407555956,-62347.1576231173,0.0637096573735438,3
"1054",-227291.702509884,57807.1212636667,903336.115904958,0.958340083715096,4
"1055",NA,NA,NA,NA,NA
"1056",NA,NA,NA,NA,NA
"1057",-68950.2741687697,19092.6420342642,299279.40092644,0.518032575954915,4
"1058",NA,NA,NA,NA,NA
"1059",NA,NA,NA,NA,NA
"1060",NA,NA,NA,NA,NA
"1061",-149881.13777885,38880.2381869287,608022.552512533,0.923595334065947,6
"1062",NA,NA,NA,NA,NA
"1063",-682205.707203878,169033.595411348,2638787.55241207,0.546353241336722,3
"1064",-592521.984255133,147105.92515038,2296653.11773491,0.966646134305569,4
"1065",NA,NA,NA,NA,NA
"1066",-127043.033201816,33296.3216178439,520897.467361606,0.615718907948758,5
"1067",-179473.376925128,46115.5406581937,720913.985631669,0.929019914105255,5
"1068",-274296.491625229,69299.7922023684,1082654.68590108,0.870236221469744,4
"1069",NA,NA,NA,NA,NA
"1070",-210682.411377633,53746.1495818313,839973.331164532,0.986550647464784,3
"1071",-63406.3261799956,17737.1467510089,278129.793744065,0.72364027407246,4
"1072",-456500.214379396,113848.602415762,1777743.66783596,0.976360737959984,5
"1073",-97204.2481424198,26000.7386708217,407065.486238518,0.533846115156548,5
"1074",NA,NA,NA,NA,NA
"1075",NA,NA,NA,NA,NA
"1076",-119319.132219741,31407.8278277268,491431.557505092,0.474664010928361,6
"1077",-789702.564770055,195316.577086278,3048877.31434128,0.905221211718687,5
"1078",NA,NA,NA,NA,NA
"1079",-259859.10033198,65769.8500311691,1027577.48185647,0.989084598230783,3
"1080",NA,NA,NA,NA,NA
"1081",-490072.725390216,122057.081357908,1905819.44009114,0.997660679977422,3
"1082",NA,NA,NA,NA,NA
"1083",-267087.388899862,67537.1665860163,1055152.67991408,0.987861269431942,3
"1084",NA,NA,NA,NA,NA
"1085",NA,NA,NA,NA,NA
"1086",-185795.531381641,47661.3074228111,745032.372667821,0.831203362063856,3
"1087",-169599.519358076,43701.3824830495,683246.206399123,0.972875857529915,5
"1088",-312519.04427627,78645.206325548,1228469.90200954,0.960007763865312,5
"1089",-73915.6507678043,20306.6766127281,318221.816114096,0.675673726895215,4
"1090",NA,NA,NA,NA,NA
"1091",NA,NA,NA,NA,NA
"1092",NA,NA,NA,NA,NA
"1093",28136.4228830137,-4645.05539489686,-71096.6396564091,0.643275674096189,3
"1094",-503670.630178068,125381.769078538,1957694.08706631,0.990461756615624,5
"1095",NA,NA,NA,NA,NA
"1096",NA,NA,NA,NA,NA
"1097",NA,NA,NA,NA,NA
"1098",-25748.4307349427,8529.79131469349,134468.688410733,0.8039929729226,7
"1099",NA,NA,NA,NA,NA
"1100",NA,NA,NA,NA,NA
"1101",-455521.050348738,113609.196810267,1774008.2549754,0.968796602946522,4
"1102",-173577.372295401,44673.9675262256,698421.317569726,0.908119321397217,5
"1103",-165329.830686721,42657.4436029032,666957.771086771,0.82168512899169,5
"1104",-229356.479803423,58311.959311937,911213.034802079,0.838816707299337,6
"1105",NA,NA,NA,NA,NA
"1106",NA,NA,NA,NA,NA
"1107",NA,NA,NA,NA,NA
"1108",10342.0808797063,-294.338775088196,-3213.00434799166,0.0643485884292473,6
"1109",NA,NA,NA,NA,NA
"1110",-19778.1562542049,7070.0592041531,111692.688294166,0.0810063080644542,3
"1111",NA,NA,NA,NA,NA
"1112",-434849.894801534,108555.099278975,1695149.86367837,0.862761108630956,4
"1113",NA,NA,NA,NA,NA
"1114",-35170.8349602448,10833.5691477798,170414.218289838,0.274099969929733,7
"1115",-194863.145502042,49878.3390752492,779624.413775738,0.975691821465177,4
"1116",-332346.222085778,83492.9512999726,1304108.60263503,0.982040496429121,4
"1117",-142836.990748777,37157.9442380759,581149.836007509,0.655744212406944,4
"1118",NA,NA,NA,NA,NA
"1119",NA,NA,NA,NA,NA
"1120",-34611.1745477611,10696.7321769276,168279.169782254,0.130262630488814,3
"1121",-317435.760373393,79847.3434112947,1247226.68224846,0.936855120118555,6
